Name,ID,State,Notes,User,Tags,Created,Runtime,Sweep,batch_size,client_lr,dataset,dataset_size_limit,epochs,epochs_per_client,loss_function,lr_decay,model,num_clients,num_rounds,random_seed,sampling,server_lr,use_experimental_simulation_loop,central_dataset_index,acc,best_epoch,best_val_confusion_matrix,best_val_loss,epoch,len_train,loss,params,round,shuffle_buffer,val_acc,val_auc_nct,val_auc_nict,val_auc_pct,val_loss,val_metrics.accuracy,val_metrics.macro avg.f1-score,val_metrics.macro avg.precision,val_metrics.macro avg.recall,val_metrics.macro avg.support,val_metrics.nct.accuracy,val_metrics.nct.f1-score,val_metrics.nct.precision,val_metrics.nct.recall,val_metrics.nct.specificity,val_metrics.nct.support,val_metrics.nict.accuracy,val_metrics.nict.f1-score,val_metrics.nict.precision,val_metrics.nict.recall,val_metrics.nict.specificity,val_metrics.nict.support,val_metrics.pct.accuracy,val_metrics.pct.f1-score,val_metrics.pct.precision,val_metrics.pct.recall,val_metrics.pct.specificity,val_metrics.pct.support,val_metrics.weighted avg.f1-score,val_metrics.weighted avg.precision,val_metrics.weighted avg.recall,val_metrics.weighted avg.support
"{model: Federated VGG_16, client_lr: 0.01, lr_decay: 0, num_clients: 1, epochs_per_client: 5}",4g9qivmx,finished,-,maxb,host-max-main,2021-04-12T22:54:09.000Z,18793,chlrvmn2,64,0.01,HUST-19 (slices),,150,5,categorical_crossentropy,0,Federated VGG_16,1,30,4242,stratified_shuffle_deterministic,1,FALSE,,0.5023707151,5,"[[0,0,571],[0,0,400],[0,0,998]]",,150,17716,1.141837358,14768835,30,88580,,,,,1.027192712,0.5068562722,0.2242444669,0.1689520907,0.3333333333,1969,0.5068562722,0.6727334007,0.5068562722,1,0,998,0.7100050787,0,0,0,1,571,0.7968511935,0,0,0,1,400,0.3409791437,0.2569032807,0.5068562722,1969
"{model: Federated VGG_16, client_lr: 0.01, lr_decay: 0.05, num_clients: 1, epochs_per_client: 5}",cjun9k5x,finished,-,maxb,host-max-pve,2021-04-12T23:09:01.000Z,19029,chlrvmn2,64,0.01,HUST-19 (slices),,150,5,categorical_crossentropy,0.05,Federated VGG_16,1,30,4242,stratified_shuffle_deterministic,1,FALSE,,0.5023707151,5,"[[8,0,563],[0,0,400],[8,0,990]]",,150,17716,1.169085026,14768835,30,88580,,,,,0.9873738289,0.5068562722,0.2327387457,0.3356374808,0.3353314919,1969,0.5068562722,0.670958997,0.5069124424,0.9919839679,0.008238928939,998,0.7100050787,0.0272572402,0.5,0.01401050788,0.9942775393,571,0.7968511935,0,0,0,1,400,0.3479842372,0.4019292115,0.5068562722,1969
"{model: Federated VGG_Simple, client_lr: 0.01, lr_decay: 0.05, num_clients: 1, epochs_per_client: 5}",junuomaq,finished,-,maxb,host-max-pve,2021-04-12T23:11:05.000Z,8426,chlrvmn2,64,0.01,HUST-19 (slices),,150,5,categorical_crossentropy,0.05,Federated VGG_Simple,1,30,4242,stratified_shuffle_deterministic,1,FALSE,,0.5026755333,5,"[[0,0,571],[0,0,400],[0,0,998]]",,150,17716,1.009910107,714467,30,88580,,,,,0.9937303066,0.5068562722,0.2242444669,0.1689520907,0.3333333333,1969,0.5068562722,0.6727334007,0.5068562722,1,0,998,0.7100050787,0,0,0,1,571,0.7968511935,0,0,0,1,400,0.3409791437,0.2569032807,0.5068562722,1969
"{model: Federated VGG_16, client_lr: 0.01, lr_decay: 0, num_clients: 3, epochs_per_client: 10}",26b9f501,finished,-,maxb,host-max-pve,2021-04-13T01:21:35.000Z,18601,chlrvmn2,64,0.01,HUST-19 (slices),,150,10,categorical_crossentropy,0,Federated VGG_16,3,15,4242,stratified_shuffle_deterministic,1,FALSE,,0.4974994361,10,"[[0,0,571],[0,0,400],[0,0,998]]",,150,17716,1.31004107,14768835,15,59050,,,,,1.026789188,0.5068562722,0.2242444669,0.1689520907,0.3333333333,1969,0.5068562722,0.6727334007,0.5068562722,1,0,998,0.7100050787,0,0,0,1,571,0.7968511935,0,0,0,1,400,0.3409791437,0.2569032807,0.5068562722,1969
"{model: Federated VGG_16, client_lr: 0.01, lr_decay: 0.05, num_clients: 1, epochs_per_client: 10}",albcwzwh,finished,-,maxb,host-max-main,2021-04-13T01:32:19.000Z,18083,chlrvmn2,64,0.01,HUST-19 (slices),,150,10,categorical_crossentropy,0.05,Federated VGG_16,1,15,4242,stratified_shuffle_deterministic,1,FALSE,,0.6179668307,10,"[[113,136,322],[65,280,55],[20,16,962]]",,150,17716,0.907999754,14768835,15,177160,,,,,0.6796336174,0.688166582,0.5967475987,0.6457672736,0.6206087598,1969,0.7902488573,0.8232777065,0.7184466019,0.9639278557,0.6117404737,998,0.7242254952,0.2938881664,0.5707070707,0.1978984238,0.9391988555,571,0.8618588116,0.6730769231,0.6481481481,0.7,0.9031230083,400,0.6392443186,0.6613218412,0.688166582,1969
"{model: Federated VGG_16, client_lr: 0.0001, lr_decay: 0, num_clients: 1, epochs_per_client: 5}",dlj45gjm,finished,-,maxb,host-max-pve,2021-04-14T05:32:49.000Z,11352,chlrvmn2,64,0.0001,HUST-19 (slices),,150,5,categorical_crossentropy,0,Federated VGG_16,1,30,4242,stratified_shuffle_deterministic,1,FALSE,,0.876382947,10,"[[386,64,121],[15,382,3],[13,14,971]]",,150,17716,0.2535512447,14768835,30,88580,,,,,0.2643789053,0.8831894363,0.866661064,0.8831866411,0.867984299,1969,0.9233113255,0.9278547539,0.8867579909,0.9729458918,0.8722966014,998,0.8918232605,0.7837563452,0.9323671498,0.6760070053,0.9799713877,571,0.9512442864,0.888372093,0.8304347826,0.955,0.9502868069,400,0.8780460918,0.8885424228,0.8831894363,1969
"{model: Federated VGG_16, client_lr: 0.0001, lr_decay: 0, num_clients: 1, epochs_per_client: 10}",wag4ljq0,finished,-,maxb,host-max-main,2021-04-14T09:00:21.000Z,19023,chlrvmn2,64,0.0001,HUST-19 (slices),,150,10,categorical_crossentropy,0,Federated VGG_16,1,15,4242,stratified_shuffle_deterministic,1,FALSE,,0.9932941794,10,"[[427,22,122],[58,338,4],[34,7,957]]",,150,17716,0.02132410184,14768835,15,177160,,,,,0.859883368,0.8699847638,0.8622011332,0.8594172373,0.8652999314,1969,0.9101066531,0.9101066531,0.9227600412,0.8977955912,0.9227600412,998,0.8770949721,0.7917383821,0.7783417936,0.8056042032,0.9062947067,571,0.9527679025,0.8847583643,0.8771498771,0.8925,0.9681325685,400,0.8706309811,0.8716138325,0.8699847638,1969
"{model: vgg_16, client_lr: 0.01, lr_decay: 0, num_clients: 3}",h47523u0,finished,-,maxb,,2021-04-20T02:08:57.000Z,5560,7gaer1ki,64,0.01,HUST-19 (slices),,150,,categorical_crossentropy,0,VGG_16,3,,4242,stratified_shuffle_deterministic,,,0,0.5070279241,12,"[[0,0,571],[0,0,400],[0,0,998]]",,150,5905,1.027410865,14768835,,,,,,,1.027188897,0.5068562722,0.2242444669,0.1689520907,0.3333333333,1969,0.5068562722,0.6727334007,0.5068562722,1,0,998,0.7100050787,0,0,0,1,571,0.7968511935,0,0,0,1,400,0.3409791437,0.2569032807,0.5068562722,1969
"{model: vgg_simple, client_lr: 0.01, lr_decay: 0, num_clients: 3}",zn132k19,finished,-,maxb,,2021-04-20T03:37:04.000Z,1253,7gaer1ki,64,0.01,HUST-19 (slices),,150,,categorical_crossentropy,0,VGG_Simple,3,,4242,stratified_shuffle_deterministic,,,0,0.5070279241,12,"[[0,0,571],[0,0,400],[0,0,998]]",,150,5905,1.027782559,714467,,,,,,,1.027187943,0.5068562722,0.2242444669,0.1689520907,0.3333333333,1969,0.5068562722,0.6727334007,0.5068562722,1,0,998,0.7100050787,0,0,0,1,571,0.7968511935,0,0,0,1,400,0.3409791437,0.2569032807,0.5068562722,1969
"{model: Federated VGG_16, client_lr: 0.0001, lr_decay: 0, num_clients: 2, epochs_per_client: 5}",ea80hy1s,finished,-,maxb,,2021-04-10T23:45:53.000Z,18518,am6j3hgn,64,0.0001,HUST-19 (slices),,150,5,categorical_crossentropy,0,Federated VGG_16,2,30,4242,stratified_shuffle_deterministic,1,FALSE,,0.8758862019,15,"[[423,56,92],[32,363,5],[57,10,931]]",,150,17716,0.2614867985,14768835,30,44290,,,,,0.2764279246,0.8720162519,0.8586565584,0.8593225815,0.8603904452,1969,0.9167089893,0.9190523198,0.9056420233,0.9328657315,0.9001029866,998,0.8796343321,0.7811634349,0.826171875,0.7408056042,0.9363376252,571,0.9476891823,0.8757539204,0.8461538462,0.9075,0.9579349904,400,0.8702692253,0.8705111317,0.8720162519,1969
"{model: vgg_16, client_lr: 0.0001, lr_decay: 0, num_clients: 1}",eythyqf9,finished,-,maxb,,2021-04-20T10:27:03.000Z,14668,7gaer1ki,64,0.0001,HUST-19 (slices),,150,,categorical_crossentropy,0,VGG_16,1,,4242,,,,0,0.893147409,16,"[[398,81,92],[16,384,0],[33,19,946]]",,150,17716,0.2091075033,14768835,,,,,,,0.2467896342,0.8776028441,0.8599922363,0.8650455861,0.8683061862,1969,0.9268664297,0.9292730845,0.9113680154,0.9478957916,0.9052523172,998,0.8872524124,0.7819253438,0.8903803132,0.6970227671,0.9649499285,571,0.9410868461,0.8687782805,0.7933884298,0.96,0.936265137,400,0.8742535408,0.8813142763,0.8776028441,1969
"{model: vgg_16, client_lr: 0.0001, lr_decay: 0, num_clients: 3}",r961crmj,finished,-,maxb,,2021-04-20T10:09:46.000Z,5546,7gaer1ki,64,0.0001,HUST-19 (slices),,150,,categorical_crossentropy,0,VGG_16,3,,4242,stratified_shuffle_deterministic,,,0,0.8685859442,17,"[[404,47,120],[51,345,4],[46,14,938]]",,150,5905,0.2635885179,14768835,,,,,,,0.3141888976,0.8567800914,0.8401634531,0.8464600305,0.8366368025,1969,0.906551549,0.9106796117,0.8832391714,0.9398797595,0.8722966014,998,0.8659217877,0.7537313433,0.8063872255,0.707530648,0.9306151645,571,0.9410868461,0.8560794045,0.8497536946,0.8625,0.9611217336,400,0.854073444,0.8541499627,0.8567800914,1969
"{model: Federated VGG_16, client_lr: 0.0001, lr_decay: 0, num_clients: 2, epochs_per_client: 10}",0iljeplj,finished,-,maxb,max-pve,2021-04-11T06:40:42.000Z,11241,am6j3hgn,64,0.0001,HUST-19 (slices),,150,10,categorical_crossentropy,0,Federated VGG_16,2,15,4242,stratified_shuffle_deterministic,1,FALSE,,0.8798599839,20,"[[392,55,124],[32,359,9],[26,17,955]]",,150,17716,0.2561026812,14768835,15,88580,,,,,0.2949407697,0.8664296597,0.8491739609,0.8606050333,0.8469762379,1969,0.9106145251,0.9156279962,0.8777573529,0.9569138277,0.8630278064,998,0.8796343321,0.7678746327,0.8711111111,0.6865148862,0.9585121602,571,0.9426104622,0.8640192539,0.8329466357,0.8975,0.9541108987,400,0.8622960168,0.8667267328,0.8664296597,1969
"{model: Federated VGG_16, client_lr: 0.0001, lr_decay: 0, num_clients: 3, epochs_per_client: 5}",8dbcgdhc,finished,-,maxb,host-max-pve,2021-04-14T05:51:47.000Z,11419,chlrvmn2,64,0.0001,HUST-19 (slices),,150,5,categorical_crossentropy,0,Federated VGG_16,3,30,4242,stratified_shuffle_deterministic,1,FALSE,,0.8788101077,20,"[[385,60,126],[23,366,11],[13,11,974]]",,150,17716,0.2533270717,14768835,30,29525,,,,,0.2744598687,0.876079228,0.8581407171,0.8762351947,0.8550691985,1969,0.9182326054,0.9236605026,0.8766876688,0.9759519038,0.8589083419,998,0.8872524124,0.7762096774,0.9144893112,0.6742556918,0.974248927,571,0.9466734383,0.8745519713,0.8375286041,0.915,0.9547482473,400,0.8709241726,0.8796948358,0.876079228,1969
"{model: vgg_16, client_lr: 0.01, lr_decay: 0, num_clients: 1}",elhn1rne,finished,-,maxb,,2021-04-20T02:16:56.000Z,14782,7gaer1ki,64,0.01,HUST-19 (slices),,150,,categorical_crossentropy,0,VGG_16,1,,4242,,,,0,0.5069428682,23,"[[0,0,571],[0,0,400],[0,0,998]]",,150,17716,1.027679682,14768835,,,,,,,1.027190328,0.5068562722,0.2242444669,0.1689520907,0.3333333333,1969,0.5068562722,0.6727334007,0.5068562722,1,0,998,0.7100050787,0,0,0,1,571,0.7968511935,0,0,0,1,400,0.3409791437,0.2569032807,0.5068562722,1969
"{model: vgg_simple, client_lr: 0.01, lr_decay: 0, num_clients: 1}",t2mlkhtu,finished,-,maxb,,2021-04-20T03:58:00.000Z,3335,7gaer1ki,64,0.01,HUST-19 (slices),,150,,categorical_crossentropy,0,VGG_Simple,1,,4242,,,,0,0.5069428682,23,"[[0,0,571],[0,0,400],[0,0,998]]",,150,17716,1.027682662,714467,,,,,,,1.02718997,0.5068562722,0.2242444669,0.1689520907,0.3333333333,1969,0.5068562722,0.6727334007,0.5068562722,1,0,998,0.7100050787,0,0,0,1,571,0.7968511935,0,0,0,1,400,0.3409791437,0.2569032807,0.5068562722,1969
"{model: Federated VGG_Simple, client_lr: 0.01, lr_decay: 0, num_clients: 2, epochs_per_client: 5}",iez9lqxs,finished,-,maxb,,2021-04-10T19:30:08.000Z,7756,am6j3hgn,64,0.01,HUST-19 (slices),,150,5,categorical_crossentropy,0,Federated VGG_Simple,2,30,4242,stratified_shuffle_deterministic,1,FALSE,,0.5069428682,25,"[[0,0,571],[0,0,400],[0,0,998]]",,150,17716,1.027616143,714467,30,44290,,,,,1.027193666,0.5068562722,0.2242444669,0.1689520907,0.3333333333,1969,0.5068562722,0.6727334007,0.5068562722,1,0,998,0.7100050787,0,0,0,1,571,0.7968511935,0,0,0,1,400,0.3409791437,0.2569032807,0.5068562722,1969
"{model: vgg_16, client_lr: 0.0001, lr_decay: 0, num_clients: 2}",jcjyogad,finished,-,maxb,,2021-04-20T10:10:06.000Z,7878,7gaer1ki,64,0.0001,HUST-19 (slices),,150,,categorical_crossentropy,0,VGG_16,2,,4242,stratified_shuffle_deterministic,,,0,0.8876721859,28,"[[396,80,95],[22,374,4],[56,18,924]]",,150,8858,0.2291707397,14768835,,,,,,,0.2970348597,0.8603351955,0.8433639048,0.8436805753,0.8514572812,1969,0.9121381412,0.9143988125,0.9032258065,0.9258517034,0.8980432544,998,0.8715083799,0.7578947368,0.835443038,0.6935201401,0.9442060086,571,0.93702387,0.8577981651,0.7923728814,0.935,0.9375398343,400,0.8575150714,0.8610495084,0.8603351955,1969
"{model: Federated VGG_16, client_lr: 0.0001, lr_decay: 0, num_clients: 3, epochs_per_client: 10}",mr0ax6vv,finished,-,maxb,host-max-pve,2021-04-14T09:02:08.000Z,11330,chlrvmn2,64,0.0001,HUST-19 (slices),,150,10,categorical_crossentropy,0,Federated VGG_16,3,15,4242,stratified_shuffle_deterministic,1,FALSE,,0.8990855813,30,"[[399,42,130],[30,358,12],[16,13,969]]",,150,17716,0.2130191922,14768835,15,59050,,,,,0.2814482749,0.8765871001,0.8616802656,0.8785481731,0.8549053214,1969,0.9131538852,0.9189189189,0.8721872187,0.9709418838,0.8537590113,998,0.8892839005,0.7854330709,0.8966292135,0.6987740806,0.9670958512,571,0.9507364144,0.8806888069,0.8668280872,0.895,0.9649458254,400,0.8724422993,0.8781865719,0.8765871001,1969
"{model: vgg_simple, client_lr: 0.0001, lr_decay: 0, num_clients: 2}",oby490sq,finished,-,maxb,,2021-04-20T11:02:18.000Z,2803,7gaer1ki,64,0.0001,HUST-19 (slices),,150,,categorical_crossentropy,0,VGG_Simple,2,,4242,stratified_shuffle_deterministic,,,0,0.8184691668,32,"[[429,102,40],[23,374,3],[157,20,821]]",,150,8858,0.3641453087,714467,,,,,,,0.3356793225,0.8247841544,0.8145958495,0.802899079,0.8363195919,1969,0.8882681564,0.8818474758,0.9502314815,0.8226452906,0.955715757,998,0.8364652108,0.7271186441,0.7044334975,0.7513134851,0.8712446352,571,0.9248349416,0.8348214286,0.7540322581,0.935,0.9222434672,400,0.8274236151,0.8390936764,0.8247841544,1969
"{model: vgg_simple, client_lr: 0.0001, lr_decay: 0, num_clients: 3}",r1ukjloz,finished,-,maxb,,2021-04-20T10:29:24.000Z,1972,7gaer1ki,64,0.0001,HUST-19 (slices),,150,,categorical_crossentropy,0,VGG_Simple,3,,4242,stratified_shuffle_deterministic,,,0,0.805419147,34,"[[384,61,126],[51,342,7],[39,26,933]]",,150,5905,0.4295228124,714467,,,,,,,0.3928547502,0.842559675,0.8213628225,0.8275213004,0.8207913726,1969,0.8994413408,0.9040697674,0.8752345216,0.9348697395,0.8630278064,998,0.8593194515,0.7349282297,0.8101265823,0.6725043783,0.9356223176,571,0.9263585576,0.8250904704,0.7972027972,0.855,0.9445506692,400,0.8389750306,0.8405014982,0.842559675,1969
"{model: Federated VGG_16, client_lr: 0.001, lr_decay: 0, num_clients: 1, epochs_per_client: 5}",pymblpwq,finished,Sent to support,maxb,host-max-main,2021-04-13T04:07:23.000Z,18027,chlrvmn2,64,0.001,HUST-19 (slices),,150,5,categorical_crossentropy,0,Federated VGG_16,1,30,4242,stratified_shuffle_deterministic,1,FALSE,,0.8790246248,35,"[[407,48,116],[34,356,10],[30,7,961]]",,150,17716,0.2425735444,14768835,30,88580,,,,,0.2552103698,0.875571356,0.8603136815,0.8714611937,0.8552368134,1969,0.9172168614,0.921822542,0.8840846366,0.9629258517,0.8702368692,998,0.8842051803,0.7811900192,0.864118896,0.7127845884,0.9542203147,571,0.9497206704,0.8779284834,0.8661800487,0.89,0.9649458254,400,0.872122799,0.8746573776,0.875571356,1969
"{model: Federated VGG_Simple, client_lr: 0.0001, lr_decay: 0, num_clients: 1, epochs_per_client: 10}",8wok54nw,finished,-,maxb,host-max-main,2021-04-14T11:04:07.000Z,9018,chlrvmn2,64,0.0001,HUST-19 (slices),,150,10,categorical_crossentropy,0,Federated VGG_Simple,1,15,4242,stratified_shuffle_deterministic,1,FALSE,,0.8900936842,40,"[[390,52,129],[34,362,4],[30,11,957]]",,150,17716,0.2167349458,714467,15,177160,,,,,0.3323194683,0.8811579482,0.8691262602,0.8738278468,0.8654052589,1969,0.9233113255,0.9259440902,0.906820365,0.9458917836,0.9001029866,998,0.8842051803,0.7931034483,0.8229755179,0.765323993,0.9327610873,571,0.9547993906,0.8883312422,0.8916876574,0.885,0.9725940089,400,0.8797799735,0.8794315937,0.8811579482,1969
"{model: vgg_16, client_lr: 0.001, lr_decay: 0, num_clients: 2}",t73n22ie,finished,-,maxb,,2021-04-20T06:00:03.000Z,7839,7gaer1ki,64,0.001,HUST-19 (slices),,150,,categorical_crossentropy,0,VGG_16,2,,4242,stratified_shuffle_deterministic,,,0,0.8553849459,42,"[[458,32,81],[93,300,7],[96,8,894]]",,150,8858,0.302277714,14768835,,,,,,,0.329054147,0.8390045708,0.821964553,0.8335408138,0.8159643864,1969,0.9024885729,0.903030303,0.9103869654,0.8957915832,0.9093717817,998,0.8466226511,0.7520525452,0.7078825348,0.8021015762,0.864806867,571,0.9288979177,0.8108108108,0.8823529412,0.75,0.9745060548,400,0.8405132402,0.8459666304,0.8390045708,1969
"{model: Federated VGG_Simple, client_lr: 0.0001, lr_decay: 0, num_clients: 2, epochs_per_client: 10}",b8zqaff7,finished,-,maxb,max-pve,2021-04-11T02:01:10.000Z,4957,am6j3hgn,64,0.0001,HUST-19 (slices),,150,10,categorical_crossentropy,0,Federated VGG_Simple,2,15,4242,stratified_shuffle_deterministic,1,FALSE,,0.8446093798,50,"[[388,63,120],[23,372,5],[35,13,950]]",,150,17716,0.3229451478,714467,15,88580,,,,,0.2739474177,0.8684611478,0.8523110248,0.86134441,0.8538044799,1969,0.9121381412,0.9165460685,0.8837209302,0.9519038076,0.8712667353,998,0.8776028441,0.7630285152,0.869955157,0.6795096322,0.9585121602,571,0.9471813103,0.8773584906,0.8303571429,0.93,0.9515615041,400,0.864065848,0.8688881362,0.8684611478,1969
"{model: Federated VGG_16, client_lr: 0.01, lr_decay: 0, num_clients: 3, epochs_per_client: 5}",khx9laz7,finished,-,maxb,host-max-main,2021-04-12T23:03:20.000Z,12004,chlrvmn2,64,0.01,HUST-19 (slices),,150,5,categorical_crossentropy,0,Federated VGG_16,3,30,4242,stratified_shuffle_deterministic,1,FALSE,,0.5069428682,50,"[[0,0,571],[0,0,400],[0,0,998]]",,150,17716,1.02763319,14768835,30,29525,,,,,1.027187586,0.5068562722,0.2242444669,0.1689520907,0.3333333333,1969,0.5068562722,0.6727334007,0.5068562722,1,0,998,0.7100050787,0,0,0,1,571,0.7968511935,0,0,0,1,400,0.3409791437,0.2569032807,0.5068562722,1969
"{model: Federated VGG_16, client_lr: 0.0001, lr_decay: 0.05, num_clients: 1, epochs_per_client: 5}",nabtxv1d,finished,-,maxb,host-max-pve,2021-04-14T08:38:31.000Z,18725,chlrvmn2,64,0.0001,HUST-19 (slices),,150,5,categorical_crossentropy,0.05,Federated VGG_16,1,30,4242,stratified_shuffle_deterministic,1,FALSE,,0.9468841553,50,"[[445,26,100],[48,347,5],[57,3,938]]",,150,17716,0.09929502755,14768835,30,88580,,,,,0.4062756896,0.8867445404,0.8774847854,0.8839637959,0.8725748052,1969,0.9207719655,0.923902439,0.9001901141,0.9488977956,0.8918640577,998,0.8913153885,0.804029304,0.8426103647,0.76882662,0.9413447783,571,0.9614017268,0.9045226131,0.9090909091,0.9,0.9770554493,400,0.8852028502,0.8853004651,0.8867445404,1969
"{model: Federated VGG_16, client_lr: 0.01, lr_decay: 0, num_clients: 1, epochs_per_client: 10}",t88pj5fc,finished,-,maxb,host-max-pve,2021-04-14T01:09:13.000Z,11817,chlrvmn2,64,0.01,HUST-19 (slices),,150,10,categorical_crossentropy,0,Federated VGG_16,1,15,4242,stratified_shuffle_deterministic,1,FALSE,,0.5069428682,50,"[[0,0,571],[0,0,400],[0,0,998]]",,150,17716,1.027628422,14768835,15,177160,,,,,1.027190447,0.5068562722,0.2242444669,0.1689520907,0.3333333333,1969,0.5068562722,0.6727334007,0.5068562722,1,0,998,0.7100050787,0,0,0,1,571,0.7968511935,0,0,0,1,400,0.3409791437,0.2569032807,0.5068562722,1969
"{model: Federated VGG_16, client_lr: 0.01, lr_decay: 0.05, num_clients: 3, epochs_per_client: 5}",zuycv02k,finished,-,maxb,host-max-main,2021-04-12T23:09:48.000Z,18489,chlrvmn2,64,0.01,HUST-19 (slices),,150,5,categorical_crossentropy,0.05,Federated VGG_16,3,30,4242,stratified_shuffle_deterministic,1,FALSE,,0.5069428682,50,"[[0,0,571],[0,0,400],[0,0,998]]",,150,17716,1.027328134,14768835,30,29525,,,,,1.027187228,0.5068562722,0.2242444669,0.1689520907,0.3333333333,1969,0.5068562722,0.6727334007,0.5068562722,1,0,998,0.7100050787,0,0,0,1,571,0.7968511935,0,0,0,1,400,0.3409791437,0.2569032807,0.5068562722,1969
"{model: vgg_simple, client_lr: 0.001, lr_decay: 0, num_clients: 2}",cuhsnocl,finished,-,maxb,,2021-04-20T08:41:02.000Z,2757,7gaer1ki,64,0.001,HUST-19 (slices),,150,,categorical_crossentropy,0,VGG_Simple,2,,4242,stratified_shuffle_deterministic,,,0,0.831677556,60,"[[399,101,71],[15,378,7],[101,27,870]]",,150,8858,0.3805477023,714467,,,,,,,0.3314778209,0.8364652108,0.8211285151,0.8131714579,0.8385058558,1969,0.8953783647,0.8941418294,0.917721519,0.871743487,0.9196704428,998,0.8537328593,0.7348066298,0.7747572816,0.6987740806,0.9170243205,571,0.9238191976,0.8344370861,0.7470355731,0.945,0.9184193754,400,0.8358064834,0.84158797,0.8364652108,1969
"{model: vgg_16, client_lr: 0.001, lr_decay: 0, num_clients: 1}",dqmrm72p,finished,-,maxb,,2021-04-20T06:23:23.000Z,14755,7gaer1ki,64,0.001,HUST-19 (slices),,150,,categorical_crossentropy,0,VGG_16,1,,4242,,,,0,0.8907766938,60,"[[416,62,93],[34,364,2],[43,16,939]]",,150,17716,0.219674021,14768835,,,,,,,0.2665477991,0.8730319959,0.8569251872,0.8584888634,0.8598093911,1969,0.9217877095,0.9242125984,0.9081237911,0.9408817635,0.9021627188,998,0.8821736922,0.7819548872,0.8438133874,0.7285464098,0.9449213162,571,0.9421025901,0.864608076,0.8235294118,0.91,0.9502868069,400,0.8708499971,0.8722888535,0.8730319959,1969
"{model: Federated VGG_Simple, client_lr: 0.0001, lr_decay: 0, num_clients: 1, epochs_per_client: 5}",gs5d4ksd,finished,-,maxb,host-max-pve,2021-04-14T06:24:53.000Z,8014,chlrvmn2,64,0.0001,HUST-19 (slices),,150,5,categorical_crossentropy,0,Federated VGG_Simple,1,30,4242,stratified_shuffle_deterministic,1,FALSE,,0.8661887646,60,"[[378,72,121],[25,372,3],[31,9,958]]",,150,17716,0.2715852857,714467,30,88580,,,,,0.2822446525,0.8674454038,0.8485361205,0.8591857357,0.850638779,1969,0.9167089893,0.9211538462,0.8853974122,0.9599198397,0.8722966014,998,0.873539868,0.752238806,0.8709677419,0.6619964974,0.9599427754,571,0.9446419502,0.8722157093,0.821192053,0.93,0.948374761,400,0.8622276183,0.868169639,0.8674454038,1969
"{model: Federated VGG_16, client_lr: 0.0001, lr_decay: 0.05, num_clients: 3, epochs_per_client: 5}",rkgmhsk1,finished,-,maxb,host-max-pve,2021-04-14T08:42:03.000Z,11535,chlrvmn2,64,0.0001,HUST-19 (slices),,150,5,categorical_crossentropy,0.05,Federated VGG_16,3,30,4242,stratified_shuffle_deterministic,1,FALSE,,0.8948408365,65,"[[491,34,46],[36,359,5],[103,12,883]]",,150,17716,0.2165959328,14768835,30,29525,,,,,0.2673237026,0.8801422042,0.8745520325,0.8703936594,0.8807214868,1969,0.9156932453,0.9140786749,0.9453961456,0.8847695391,0.947476828,998,0.8887760284,0.8176519567,0.7793650794,0.8598949212,0.9005722461,571,0.9558151346,0.8919254658,0.8864197531,0.8975,0.970681963,400,0.8816150184,0.8852669959,0.8801422042,1969
"{model: Federated VGG_16, client_lr: 0.0001, lr_decay: 0.05, num_clients: 2, epochs_per_client: 5}",yw044nfq,finished,-,maxb,max-pve,2021-04-11T00:15:39.000Z,11468,am6j3hgn,64,0.0001,HUST-19 (slices),,150,5,categorical_crossentropy,0.05,Federated VGG_16,2,30,4242,stratified_shuffle_deterministic,1,FALSE,,0.8936780095,65,"[[387,66,118],[30,369,1],[24,15,959]]",,150,17716,0.2172036022,14768835,30,44290,,,,,0.2723438442,0.8710005079,0.8523165096,0.8623871367,0.8537267208,1969,0.9197562214,0.9238921002,0.8896103896,0.9609218437,0.877445932,998,0.8791264601,0.7648221344,0.8775510204,0.6777583187,0.9613733906,571,0.9431183342,0.8682352941,0.82,0.9225,0.948374761,400,0.8664560043,0.8719719662,0.8710005079,1969
"{model: vgg_16, client_lr: 0.01, lr_decay: 0, num_clients: 2}",j2msyti8,finished,-,maxb,,2021-04-20T02:15:32.000Z,4887,7gaer1ki,64,0.01,HUST-19 (slices),,150,,categorical_crossentropy,0,VGG_16,2,,4242,stratified_shuffle_deterministic,,,0,0.5068864226,67,"[[0,0,571],[0,0,400],[0,0,998]]",,150,8858,1.028006554,14768835,,,,,,,1.027187586,0.5068562722,0.2242444669,0.1689520907,0.3333333333,1969,0.5068562722,0.6727334007,0.5068562722,1,0,998,0.7100050787,0,0,0,1,571,0.7968511935,0,0,0,1,400,0.3409791437,0.2569032807,0.5068562722,1969
"{model: vgg_simple, client_lr: 0.01, lr_decay: 0, num_clients: 2}",rl6fnt0j,finished,-,maxb,,2021-04-20T03:41:42.000Z,2748,7gaer1ki,64,0.01,HUST-19 (slices),,150,,categorical_crossentropy,0,VGG_Simple,2,,4242,stratified_shuffle_deterministic,,,0,0.5068864226,67,"[[0,0,571],[0,0,400],[0,0,998]]",,150,8858,1.028007627,714467,,,,,,,1.027187705,0.5068562722,0.2242444669,0.1689520907,0.3333333333,1969,0.5068562722,0.6727334007,0.5068562722,1,0,998,0.7100050787,0,0,0,1,571,0.7968511935,0,0,0,1,400,0.3409791437,0.2569032807,0.5068562722,1969
"{model: vgg_simple, client_lr: 0.001, lr_decay: 0, num_clients: 3}",iqisf4fl,finished,-,maxb,,2021-04-20T08:10:48.000Z,1946,7gaer1ki,64,0.001,HUST-19 (slices),,150,,categorical_crossentropy,0,VGG_Simple,3,,4242,stratified_shuffle_deterministic,,,0,0.8259102702,68,"[[366,54,151],[49,339,12],[22,18,958]]",,150,5905,0.3587279916,714467,,,,,,,0.3828167915,0.844591163,0.8221318343,0.8389800783,0.8161335251,1969,0.8969019807,0.9042000944,0.8545941124,0.9599198397,0.8321318229,998,0.8598273235,0.7261904762,0.8375286041,0.6409807356,0.9492131617,571,0.9324530218,0.8360049322,0.8248175182,0.8475,0.9541108987,400,0.8387244434,0.8435961221,0.844591163,1969
"{model: Federated VGG_Simple, client_lr: 0.01, lr_decay: 0.05, num_clients: 2, epochs_per_client: 10}",tv5xo5e7,finished,-,maxb,max-pve,2021-04-11T05:04:50.000Z,4791,am6j3hgn,64,0.01,HUST-19 (slices),,150,10,categorical_crossentropy,0.05,Federated VGG_Simple,2,15,4242,stratified_shuffle_deterministic,1,FALSE,,0.5063840747,70,"[[0,0,571],[0,0,400],[0,0,998]]",,150,17716,0.9845730662,714467,15,88580,,,,,0.988217473,0.5068562722,0.2242444669,0.1689520907,0.3333333333,1969,0.5068562722,0.6727334007,0.5068562722,1,0,998,0.7100050787,0,0,0,1,571,0.7968511935,0,0,0,1,400,0.3409791437,0.2569032807,0.5068562722,1969
"{model: vgg_simple, client_lr: 0.0001, lr_decay: 0, num_clients: 1}",y52b7ktx,finished,-,maxb,,2021-04-20T11:07:30.000Z,5120,7gaer1ki,64,0.0001,HUST-19 (slices),,150,,categorical_crossentropy,0,VGG_Simple,1,,4242,,,,0,0.8617633581,75,"[[445,35,91],[71,328,1],[53,9,936]]",,150,17716,0.2676339746,714467,,,,,,,0.2767301798,0.8679532758,0.851476947,0.8581000268,0.8457367508,1969,0.9217877095,0.923988154,0.9105058366,0.9378757515,0.9052523172,998,0.8730319959,0.7807017544,0.7820738137,0.7793345009,0.9113018598,571,0.9410868461,0.8497409326,0.8817204301,0.82,0.9719566603,400,0.8673525914,0.8674134812,0.8679532758,1969
"{model: Federated VGG_Simple, client_lr: 0.01, lr_decay: 0, num_clients: 2, epochs_per_client: 10}",89l8rp12,finished,-,maxb,,2021-04-10T21:39:26.000Z,7678,am6j3hgn,64,0.01,HUST-19 (slices),,150,10,categorical_crossentropy,0,Federated VGG_Simple,2,15,4242,stratified_shuffle_deterministic,1,FALSE,,0.5069428682,80,"[[0,0,571],[0,0,400],[0,0,998]]",,150,17716,1.027645588,714467,15,88580,,,,,1.027189374,0.5068562722,0.2242444669,0.1689520907,0.3333333333,1969,0.5068562722,0.6727334007,0.5068562722,1,0,998,0.7100050787,0,0,0,1,571,0.7968511935,0,0,0,1,400,0.3409791437,0.2569032807,0.5068562722,1969
"{model: Federated VGG_Simple, client_lr: 0.01, lr_decay: 0, num_clients: 3, epochs_per_client: 5}",e4m1bchi,finished,-,maxb,host-max-pve,2021-04-12T23:08:34.000Z,7980,chlrvmn2,64,0.01,HUST-19 (slices),,150,5,categorical_crossentropy,0,Federated VGG_Simple,3,30,4242,stratified_shuffle_deterministic,1,FALSE,,0.5069428682,80,"[[0,0,571],[0,0,400],[0,0,998]]",,150,17716,1.027749896,714467,30,29525,,,,,1.027189374,0.5068562722,0.2242444669,0.1689520907,0.3333333333,1969,0.5068562722,0.6727334007,0.5068562722,1,0,998,0.7100050787,0,0,0,1,571,0.7968511935,0,0,0,1,400,0.3409791437,0.2569032807,0.5068562722,1969
"{model: vgg_16, client_lr: 0.001, lr_decay: 0, num_clients: 3}",fiml6ssy,finished,-,maxb,,2021-04-26T21:54:28.000Z,5577,7gaer1ki,64,0.001,HUST-19 (slices),,150,,categorical_crossentropy,0,VGG_16,3,,4242,stratified_shuffle_deterministic,,,0,0.8712955117,80,"[[378,58,135],[52,343,5],[36,16,946]]",,150,5905,0.259511888,14768835,,,,,,,0.3511758745,0.8466226511,0.8255176004,0.834929107,0.8224640963,1969,0.9024885729,0.9078694818,0.8710865562,0.9478957916,0.8558187436,998,0.8572879634,0.7290260366,0.8111587983,0.6619964974,0.9370529328,571,0.9334687659,0.8396572827,0.8225419664,0.8575,0.9528362014,400,0.8421485642,0.8438460353,0.8466226511,1969
"{model: Federated VGG_Simple, client_lr: 0.01, lr_decay: 0, num_clients: 1, epochs_per_client: 10}",gh5nnvpw,finished,-,maxb,host-max-pve,2021-04-13T01:24:24.000Z,8542,chlrvmn2,64,0.01,HUST-19 (slices),,150,10,categorical_crossentropy,0,Federated VGG_Simple,1,15,4242,stratified_shuffle_deterministic,1,FALSE,,0.5069428682,80,"[[0,0,571],[0,0,400],[0,0,998]]",,150,17716,1.027593017,714467,15,177160,,,,,1.027236462,0.5068562722,0.2242444669,0.1689520907,0.3333333333,1969,0.5068562722,0.6727334007,0.5068562722,1,0,998,0.7100050787,0,0,0,1,571,0.7968511935,0,0,0,1,400,0.3409791437,0.2569032807,0.5068562722,1969
"{model: Federated VGG_16, client_lr: 0.01, lr_decay: 0.05, num_clients: 3, epochs_per_client: 10}",n8n0pwq7,finished,-,maxb,host-max-main,2021-04-13T02:23:26.000Z,11649,chlrvmn2,64,0.01,HUST-19 (slices),,150,10,categorical_crossentropy,0.05,Federated VGG_16,3,15,4242,stratified_shuffle_deterministic,1,FALSE,,0.5069428682,80,"[[0,0,571],[0,0,400],[0,0,998]]",,150,17716,1.027250409,14768835,15,59050,,,,,1.02718699,0.5068562722,0.2242444669,0.1689520907,0.3333333333,1969,0.5068562722,0.6727334007,0.5068562722,1,0,998,0.7100050787,0,0,0,1,571,0.7968511935,0,0,0,1,400,0.3409791437,0.2569032807,0.5068562722,1969
"{model: Federated VGG_16, client_lr: 0.01, lr_decay: 0.05, num_clients: 2, epochs_per_client: 5}",e33q9539,finished,-,maxb,,2021-04-10T21:31:39.000Z,11025,am6j3hgn,64,0.01,HUST-19 (slices),,150,5,categorical_crossentropy,0.05,Federated VGG_16,2,30,4242,stratified_shuffle_deterministic,1,FALSE,,0.5069428682,90,"[[0,0,571],[0,0,400],[0,0,998]]",,150,17716,1.02731359,14768835,30,44290,,,,,1.027187109,0.5068562722,0.2242444669,0.1689520907,0.3333333333,1969,0.5068562722,0.6727334007,0.5068562722,1,0,998,0.7100050787,0,0,0,1,571,0.7968511935,0,0,0,1,400,0.3409791437,0.2569032807,0.5068562722,1969
"{model: Federated VGG_Simple, client_lr: 0.01, lr_decay: 0.05, num_clients: 2, epochs_per_client: 5}",i0qr5mi7,finished,-,maxb,,2021-04-10T21:34:14.000Z,7880,am6j3hgn,64,0.01,HUST-19 (slices),,150,5,categorical_crossentropy,0.05,Federated VGG_Simple,2,30,4242,stratified_shuffle_deterministic,1,FALSE,,0.5069428682,90,"[[0,0,571],[0,0,400],[0,0,998]]",,150,17716,1.027273536,714467,30,44290,,,,,1.027187109,0.5068562722,0.2242444669,0.1689520907,0.3333333333,1969,0.5068562722,0.6727334007,0.5068562722,1,0,998,0.7100050787,0,0,0,1,571,0.7968511935,0,0,0,1,400,0.3409791437,0.2569032807,0.5068562722,1969
"{model: Federated VGG_16, client_lr: 0.001, lr_decay: 0, num_clients: 2, epochs_per_client: 10}",r2n4js00,finished,-,maxb,max-pve,2021-04-10T22:57:56.000Z,10982,am6j3hgn,64,0.001,HUST-19 (slices),,150,10,categorical_crossentropy,0,Federated VGG_16,2,15,4242,stratified_shuffle_deterministic,1,FALSE,,0.894620657,90,"[[398,45,128],[50,342,8],[22,12,964]]",,150,17716,0.216840446,14768835,15,88580,,,,,0.305178076,0.8654139157,0.8465633038,0.8601050014,0.8393182103,1969,0.9136617572,0.918970448,0.8763636364,0.9659318637,0.859938208,998,0.875571356,0.7646493756,0.8468085106,0.6970227671,0.9484978541,571,0.9415947181,0.8560700876,0.8571428571,0.855,0.9636711281,400,0.8614399876,0.8638881216,0.8654139157,1969
"{model: Federated VGG_Simple, client_lr: 0.0001, lr_decay: 0, num_clients: 3, epochs_per_client: 10}",dzeae403,finished,-,maxb,host-max-main,2021-04-14T11:04:07.000Z,8049,chlrvmn2,64,0.0001,HUST-19 (slices),,150,10,categorical_crossentropy,0,Federated VGG_Simple,3,15,4242,stratified_shuffle_deterministic,1,FALSE,,0.8782513142,100,"[[398,46,127],[37,361,2],[25,15,958]]",,150,17716,0.248985067,714467,15,59050,,,,,0.2789002955,0.8720162519,0.8555715722,0.8672607471,0.8541455766,1969,0.9146775013,0.9194630872,0.8814338235,0.9609218437,0.8671472709,998,0.8821736922,0.7716535433,0.8808988764,0.6865148862,0.9620886981,571,0.9471813103,0.8755980861,0.8394495413,0.915,0.9553855959,400,0.8676879476,0.8727496348,0.8720162519,1969
"{model: Federated VGG_Simple, client_lr: 0.0001, lr_decay: 0, num_clients: 2, epochs_per_client: 5}",p3cxpowm,finished,-,maxb,max-pve,2021-04-11T05:19:33.000Z,5065,am6j3hgn,64,0.0001,HUST-19 (slices),,150,5,categorical_crossentropy,0,Federated VGG_Simple,2,30,4242,stratified_shuffle_deterministic,1,FALSE,,0.8677466512,100,"[[420,42,109],[55,343,2],[36,14,948]]",,150,17716,0.2635977268,714467,30,44290,,,,,0.252684921,0.8689690198,0.8522146677,0.8589170223,0.8476504878,1969,0.9182326054,0.9217306757,0.895184136,0.9498997996,0.885684861,998,0.8770949721,0.7763401109,0.8219178082,0.7355516637,0.93490701,571,0.9426104622,0.8585732165,0.8596491228,0.8575,0.9643084767,400,0.8667377879,0.8667183775,0.8689690198,1969
"{model: Federated VGG_Simple, client_lr: 0.01, lr_decay: 0.05, num_clients: 3, epochs_per_client: 5}",pozlf3qd,finished,-,maxb,host-max-pve,2021-04-12T23:11:26.000Z,7976,chlrvmn2,64,0.01,HUST-19 (slices),,150,5,categorical_crossentropy,0.05,Federated VGG_Simple,3,30,4242,stratified_shuffle_deterministic,1,FALSE,,0.5069428682,100,"[[0,0,571],[0,0,400],[0,0,998]]",,150,17716,1.02735579,714467,30,29525,,,,,1.027187347,0.5068562722,0.2242444669,0.1689520907,0.3333333333,1969,0.5068562722,0.6727334007,0.5068562722,1,0,998,0.7100050787,0,0,0,1,571,0.7968511935,0,0,0,1,400,0.3409791437,0.2569032807,0.5068562722,1969
"{model: Federated VGG_16, client_lr: 0.001, lr_decay: 0.05, num_clients: 1, epochs_per_client: 5}",6im8iala,finished,-,maxb,host-max-pve,2021-04-13T05:49:46.000Z,18181,chlrvmn2,64,0.001,HUST-19 (slices),,150,5,categorical_crossentropy,0.05,Federated VGG_16,1,30,4242,stratified_shuffle_deterministic,1,FALSE,,0.8247685432,105,"[[418,41,112],[53,343,4],[42,13,943]]",,150,17716,0.36804986,14768835,30,88580,,,,,0.2808279395,0.8654139157,0.8496048894,0.8564191214,0.8448129388,1969,0.9131538852,0.916869227,0.8904627007,0.9448897796,0.8805355304,998,0.87404774,0.7712177122,0.8148148148,0.7320490368,0.9320457797,571,0.9436262062,0.860727729,0.8639798489,0.8575,0.965583174,400,0.8632259491,0.8631452382,0.8654139157,1969
"{model: Federated VGG_16, client_lr: 0.001, lr_decay: 0.05, num_clients: 2, epochs_per_client: 5}",gz5p2v95,finished,-,maxb,host-max-main,2021-04-10T22:43:50.000Z,18130,am6j3hgn,64,0.001,HUST-19 (slices),,150,5,categorical_crossentropy,0.05,Federated VGG_16,2,30,4242,stratified_shuffle_deterministic,1,FALSE,,0.8907879591,105,"[[390,65,116],[24,373,3],[40,14,944]]",,150,17716,0.2192242742,14768835,30,44290,,,,,0.2800486982,0.8669375317,0.8508742097,0.857434919,0.8538013476,1969,0.9121381412,0.916060165,0.8880526811,0.9458917836,0.877445932,998,0.875571356,0.7609756098,0.859030837,0.6830122592,0.9542203147,571,0.9461655663,0.8755868545,0.8252212389,0.9325,0.9496494583,400,0.8628643269,0.8668723612,0.8669375317,1969
"{model: vgg_16, client_lr: 0.01, lr_decay: 0.05, num_clients: 3}",v571r43h,finished,-,maxb,,2021-04-20T04:27:32.000Z,5547,7gaer1ki,64,0.01,HUST-19 (slices),,150,,categorical_crossentropy,0.05,VGG_16,3,,4242,stratified_shuffle_deterministic,,,0,0.5070279241,105,"[[0,0,571],[0,0,400],[0,0,998]]",,150,5905,1.027445078,14768835,,,,,,,1.027187347,0.5068562722,0.2242444669,0.1689520907,0.3333333333,1969,0.5068562722,0.6727334007,0.5068562722,1,0,998,0.7100050787,0,0,0,1,571,0.7968511935,0,0,0,1,400,0.3409791437,0.2569032807,0.5068562722,1969
"{model: Federated VGG_16, client_lr: 0.0001, lr_decay: 0.05, num_clients: 3, epochs_per_client: 10}",6h29i8uh,finished,-,maxb,host-max-pve,2021-04-14T12:11:00.000Z,11593,chlrvmn2,64,0.0001,HUST-19 (slices),,150,10,categorical_crossentropy,0.05,Federated VGG_16,3,15,4242,stratified_shuffle_deterministic,1,FALSE,,0.9235324264,110,"[[376,81,114],[9,387,4],[35,16,947]]",,150,17716,0.1605661362,14768835,15,59050,,,,,0.3382293284,0.8765871001,0.8621760705,0.8757336414,0.8623940555,1969,0.9136617572,0.9186602871,0.8791208791,0.9619238477,0.8640576725,998,0.8852209243,0.774,0.9020979021,0.6777583187,0.9699570815,571,0.9542915185,0.8938679245,0.8459821429,0.9475,0.9560229446,400,0.8716729997,0.8790520044,0.8765871001,1969
"{model: Federated VGG_Simple, client_lr: 0.01, lr_decay: 0, num_clients: 3, epochs_per_client: 10}",w4h75ga0,finished,-,maxb,host-max-pve,2021-04-13T01:31:33.000Z,7837,chlrvmn2,64,0.01,HUST-19 (slices),,150,10,categorical_crossentropy,0,Federated VGG_Simple,3,15,4242,stratified_shuffle_deterministic,1,FALSE,,0.5069428682,110,"[[0,0,571],[0,0,400],[0,0,998]]",,150,17716,1.027639151,714467,15,59050,,,,,1.027193427,0.5068562722,0.2242444669,0.1689520907,0.3333333333,1969,0.5068562722,0.6727334007,0.5068562722,1,0,998,0.7100050787,0,0,0,1,571,0.7968511935,0,0,0,1,400,0.3409791437,0.2569032807,0.5068562722,1969
"{model: Federated VGG_Simple, client_lr: 0.01, lr_decay: 0, num_clients: 1, epochs_per_client: 5}",srpetzxa,finished,-,maxb,host-max-main,2021-04-12T23:07:04.000Z,8713,chlrvmn2,64,0.01,HUST-19 (slices),,150,5,categorical_crossentropy,0,Federated VGG_Simple,1,30,4242,stratified_shuffle_deterministic,1,FALSE,,0.5069428682,115,"[[0,0,571],[0,0,400],[0,0,998]]",,150,17716,1.027584434,714467,30,88580,,,,,1.02720654,0.5068562722,0.2242444669,0.1689520907,0.3333333333,1969,0.5068562722,0.6727334007,0.5068562722,1,0,998,0.7100050787,0,0,0,1,571,0.7968511935,0,0,0,1,400,0.3409791437,0.2569032807,0.5068562722,1969
"{model: Federated VGG_16, client_lr: 0.001, lr_decay: 0, num_clients: 2, epochs_per_client: 5}",80t1o7o9,finished,-,maxb,host-max-main,2021-04-11T05:04:56.000Z,18033,am6j3hgn,64,0.001,HUST-19 (slices),,150,5,categorical_crossentropy,0,Federated VGG_16,2,30,4242,stratified_shuffle_deterministic,1,FALSE,,0.8874238133,120,"[[430,36,105],[50,346,4],[51,4,943]]",,150,17716,0.2321838737,14768835,30,44290,,,,,0.2488517016,0.8730319959,0.8602687996,0.8675179111,0.8543181927,1969,0.9167089893,0.92,0.8963878327,0.9448897796,0.8877445932,998,0.8770949721,0.780399274,0.8097928437,0.7530647986,0.9277539342,571,0.9522600305,0.8804071247,0.896373057,0.865,0.9745060548,400,0.8714732531,0.871272724,0.8730319959,1969
"{model: Federated VGG_16, client_lr: 0.01, lr_decay: 0.05, num_clients: 2, epochs_per_client: 10}",gjni264r,finished,-,maxb,max-pve,2021-04-11T05:04:37.000Z,10923,am6j3hgn,64,0.01,HUST-19 (slices),,150,10,categorical_crossentropy,0.05,Federated VGG_16,2,15,4242,stratified_shuffle_deterministic,1,FALSE,,0.5069428682,120,"[[0,0,571],[0,0,400],[0,0,998]]",,150,17716,1.027305245,14768835,15,88580,,,,,1.02718842,0.5068562722,0.2242444669,0.1689520907,0.3333333333,1969,0.5068562722,0.6727334007,0.5068562722,1,0,998,0.7100050787,0,0,0,1,571,0.7968511935,0,0,0,1,400,0.3409791437,0.2569032807,0.5068562722,1969
"{model: Federated VGG_Simple, client_lr: 0.01, lr_decay: 0.05, num_clients: 1, epochs_per_client: 10}",n72hxr3r,finished,-,maxb,host-max-pve,2021-04-13T03:42:21.000Z,7643,chlrvmn2,64,0.01,HUST-19 (slices),,150,10,categorical_crossentropy,0.05,Federated VGG_Simple,1,15,4242,stratified_shuffle_deterministic,1,FALSE,,0.5069428682,120,"[[0,0,571],[0,0,400],[0,0,998]]",,150,17716,1.027207851,714467,15,177160,,,,,1.027187109,0.5068562722,0.2242444669,0.1689520907,0.3333333333,1969,0.5068562722,0.6727334007,0.5068562722,1,0,998,0.7100050787,0,0,0,1,571,0.7968511935,0,0,0,1,400,0.3409791437,0.2569032807,0.5068562722,1969
"{model: Federated VGG_Simple, client_lr: 0.001, lr_decay: 0, num_clients: 1, epochs_per_client: 10}",tc52p7fh,finished,-,maxb,host-max-main,2021-04-14T01:16:54.000Z,8784,chlrvmn2,64,0.001,HUST-19 (slices),,150,10,categorical_crossentropy,0,Federated VGG_Simple,1,15,4242,stratified_shuffle_deterministic,1,FALSE,,0.8615489006,120,"[[372,72,127],[20,377,3],[10,21,967]]",,150,17716,0.2713124454,714467,15,177160,,,,,0.2729651034,0.8715083799,0.8514874837,0.8696652601,0.8543088307,1969,0.9182326054,0.923150358,0.8814949863,0.9689378758,0.8661174047,998,0.8836973083,0.7646454265,0.9253731343,0.6514886165,0.9785407725,571,0.9410868461,0.8666666667,0.8021276596,0.9425,0.9407265774,400,0.8657101384,0.8780960487,0.8715083799,1969
"{model: Federated VGG_16, client_lr: 0.001, lr_decay: 0.05, num_clients: 1, epochs_per_client: 10}",wos745zf,finished,-,maxb,host-max-main,2021-04-14T03:29:51.000Z,19004,chlrvmn2,64,0.001,HUST-19 (slices),,150,10,categorical_crossentropy,0.05,Federated VGG_16,1,15,4242,stratified_shuffle_deterministic,1,FALSE,,0.8256322145,120,"[[391,51,129],[42,351,7],[30,15,953]]",,150,17716,0.3687563539,14768835,15,177160,,,,,0.2888639569,0.8608430675,0.8429333444,0.8537779478,0.8390577974,1969,0.9080751651,0.9132726402,0.8751147842,0.9549098196,0.859938208,998,0.8720162519,0.7562862669,0.8444924406,0.6847635727,0.9484978541,571,0.9415947181,0.8592411261,0.8417266187,0.8775,0.9579349904,400,0.8567709516,0.8594516941,0.8608430675,1969
"{model: Federated VGG_16, client_lr: 0.0001, lr_decay: 0.05, num_clients: 2, epochs_per_client: 10}",wxp6tu67,finished,-,maxb,max-pve,2021-04-11T02:06:38.000Z,11573,am6j3hgn,64,0.0001,HUST-19 (slices),,150,10,categorical_crossentropy,0.05,Federated VGG_16,2,15,4242,stratified_shuffle_deterministic,1,FALSE,,0.9154323936,120,"[[418,66,87],[19,374,7],[44,11,943]]",,150,17716,0.1754462719,14768835,15,88580,,,,,0.2800693512,0.8811579482,0.8668080184,0.8692150224,0.8706462721,1969,0.9243270696,0.9267813268,0.9093539055,0.9448897796,0.903192585,998,0.8902996445,0.7946768061,0.869022869,0.7320490368,0.9549356223,571,0.9476891823,0.8789659224,0.8292682927,0.935,0.9509241555,400,0.8787580444,0.8813888131,0.8811579482,1969
"{model: vgg_simple, client_lr: 0.001, lr_decay: 0, num_clients: 1}",dx5ebjeu,finished,-,maxb,,2021-04-20T08:43:17.000Z,5187,7gaer1ki,64,0.001,HUST-19 (slices),,150,,categorical_crossentropy,0,VGG_Simple,1,,4242,,,,0,0.8492887616,126,"[[389,82,100],[25,374,1],[37,2,959]]",,150,17716,0.2899339199,714467,,,,,,,0.2565038204,0.874555612,0.8550067024,0.8612795279,0.8590609298,1969,0.9288979177,0.9319727891,0.9047169811,0.9609218437,0.8959835221,998,0.876079228,0.7612524462,0.8625277162,0.6812609457,0.9556509299,571,0.9441340782,0.8717948718,0.8165938865,0.935,0.9464627151,400,0.8702396846,0.8745802071,0.874555612,1969
"{model: Federated VGG_Simple, client_lr: 0.001, lr_decay: 0, num_clients: 2, epochs_per_client: 5}",7e1cemt6,finished,-,maxb,,2021-04-11T05:17:58.000Z,7718,am6j3hgn,64,0.001,HUST-19 (slices),,150,5,categorical_crossentropy,0,Federated VGG_Simple,2,30,4242,stratified_shuffle_deterministic,1,FALSE,,0.8685708046,130,"[[408,39,124],[43,353,4],[21,12,965]]",,150,17716,0.265152514,714467,30,44290,,,,,0.2518744469,0.8765871001,0.8611571271,0.8736867604,0.8546565899,1969,0.9182326054,0.9230033477,0.8828911253,0.9669338677,0.868177137,998,0.8847130523,0.782358581,0.8644067797,0.7145359019,0.9542203147,571,0.9502285424,0.8781094527,0.8737623762,0.8825,0.9674952199,400,0.8730969385,0.8756762645,0.8765871001,1969
"{model: Federated VGG_Simple, client_lr: 0.0001, lr_decay: 0, num_clients: 3, epochs_per_client: 5}",g2ybq0my,finished,-,maxb,host-max-main,2021-04-14T06:32:09.000Z,8099,chlrvmn2,64,0.0001,HUST-19 (slices),,150,5,categorical_crossentropy,0,Federated VGG_Simple,3,30,4242,stratified_shuffle_deterministic,1,FALSE,,0.8685820699,130,"[[394,56,121],[23,372,5],[16,12,970]]",,150,17716,0.2708391547,714467,30,29525,,,,,0.253333509,0.8816658202,0.8656771287,0.8801405859,0.8639871336,1969,0.9217877095,0.9264565425,0.8850364964,0.9719438878,0.8702368692,998,0.8902996445,0.7848605578,0.9099307159,0.6900175131,0.9721030043,571,0.9512442864,0.8857142857,0.8454545455,0.93,0.9566602932,400,0.8771176852,0.8842146675,0.8816658202,1969
"{model: Federated VGG_16, client_lr: 0.001, lr_decay: 0.05, num_clients: 3, epochs_per_client: 5}",jcijqtqc,finished,-,maxb,host-max-pve,2021-04-14T18:05:46.000Z,18731,chlrvmn2,64,0.001,HUST-19 (slices),,150,5,categorical_crossentropy,0.05,Federated VGG_16,3,30,4242,stratified_shuffle_deterministic,1,FALSE,,0.8963987231,130,"[[445,42,84],[45,349,6],[100,8,890]]",,150,17716,0.2158877105,14768835,30,29525,,,,,0.2780202031,0.8654139157,0.8495385224,0.8602605678,0.8480555858,1969,0.907567293,0.9126679463,0.8756906077,0.9529058116,0.8609680742,998,0.8765871001,0.7619980411,0.8644444444,0.6812609457,0.9563662375,571,0.9466734383,0.8739495798,0.8406466513,0.91,0.9560229446,400,0.8611088491,0.8653101396,0.8654139157,1969
"{model: Federated VGG_16, client_lr: 0.01, lr_decay: 0, num_clients: 2, epochs_per_client: 10}",lqa88eq2,finished,-,maxb,,2021-04-10T21:34:55.000Z,17948,am6j3hgn,64,0.01,HUST-19 (slices),,150,10,categorical_crossentropy,0,Federated VGG_16,2,15,4242,stratified_shuffle_deterministic,1,FALSE,,0.5069428682,130,"[[0,0,571],[0,0,400],[0,0,998]]",,150,17716,1.027579904,14768835,15,88580,,,,,1.027199864,0.5068562722,0.2242444669,0.1689520907,0.3333333333,1969,0.5068562722,0.6727334007,0.5068562722,1,0,998,0.7100050787,0,0,0,1,571,0.7968511935,0,0,0,1,400,0.3409791437,0.2569032807,0.5068562722,1969
"{model: Federated VGG_16, client_lr: 0.01, lr_decay: 0, num_clients: 2, epochs_per_client: 5}",sndjvpjw,finished,-,maxb,,2021-04-10T18:43:35.000Z,17973,am6j3hgn,64,0.01,HUST-19 (slices),,150,5,categorical_crossentropy,0,Federated VGG_16,2,30,4242,stratified_shuffle_deterministic,1,FALSE,,0.5069428682,130,"[[0,0,571],[0,0,400],[0,0,998]]",,150,17716,1.027629018,14768835,30,44290,,,,,1.027194977,0.5068562722,0.2242444669,0.1689520907,0.3333333333,1969,0.5068562722,0.6727334007,0.5068562722,1,0,998,0.7100050787,0,0,0,1,571,0.7968511935,0,0,0,1,400,0.3409791437,0.2569032807,0.5068562722,1969
"{model: Federated VGG_Simple, client_lr: 0.001, lr_decay: 0.05, num_clients: 1, epochs_per_client: 5}",932p87d9,finished,-,maxb,host-max-pve,2021-04-14T01:09:15.000Z,5825,chlrvmn2,64,0.001,HUST-19 (slices),,150,5,categorical_crossentropy,0.05,Federated VGG_Simple,1,30,4242,stratified_shuffle_deterministic,1,FALSE,,0.825129807,135,"[[365,58,148],[38,359,3],[22,10,966]]",,150,17716,0.3553807735,714467,30,88580,,,,,0.3083111644,0.8583037075,0.8382017371,0.8547964722,0.8348884313,1969,0.907059421,0.9134751773,0.8648164727,0.9679358717,0.8444902163,998,0.8649060437,0.7329317269,0.8588235294,0.6392294221,0.9570815451,571,0.9446419502,0.8681983071,0.8407494145,0.8975,0.9566602932,400,0.8519205515,0.8581893554,0.8583037075,1969
"{model: vgg_16, client_lr: 0.01, lr_decay: 0.05, num_clients: 1}",41hrtfmf,finished,-,maxb,,2021-04-26T21:48:10.000Z,14703,7gaer1ki,64,0.01,HUST-19 (slices),,150,,categorical_crossentropy,0.05,VGG_16,1,,4242,,,,0,0.5069428682,136,"[[0,0,571],[0,0,400],[0,0,998]]",,150,17716,1.028472066,14768835,,,,,,,1.027189016,0.5068562722,0.2242444669,0.1689520907,0.3333333333,1969,0.5068562722,0.6727334007,0.5068562722,1,0,998,0.7100050787,0,0,0,1,571,0.7968511935,0,0,0,1,400,0.3409791437,0.2569032807,0.5068562722,1969
"{model: Federated VGG_Simple, client_lr: 0.001, lr_decay: 0, num_clients: 3, epochs_per_client: 10}",0wflfn35,finished,-,maxb,host-max-pve,2021-04-14T02:46:21.000Z,4995,chlrvmn2,64,0.001,HUST-19 (slices),,150,10,categorical_crossentropy,0,Federated VGG_Simple,3,15,4242,stratified_shuffle_deterministic,1,FALSE,,0.8628188968,140,"[[356,80,135],[17,380,3],[13,13,972]]",,150,17716,0.281144768,714467,15,59050,,,,,0.268084228,0.8674454038,0.8455846873,0.8671127108,0.8491384988,1969,0.9167089893,0.9222011385,0.8756756757,0.9739478958,0.8578784758,998,0.875571356,0.7439916405,0.9222797927,0.6234676007,0.9785407725,571,0.9426104622,0.8705612829,0.8033826638,0.95,0.9407265774,400,0.8600307142,0.8745043939,0.8674454038,1969
"{model: Federated VGG_16, client_lr: 0.001, lr_decay: 0, num_clients: 3, epochs_per_client: 5}",7e6c0xei,finished,-,maxb,host-max-main,2021-04-13T04:18:03.000Z,18217,chlrvmn2,64,0.001,HUST-19 (slices),,150,5,categorical_crossentropy,0,Federated VGG_16,3,30,4242,stratified_shuffle_deterministic,1,FALSE,,0.8840821981,140,"[[411,39,121],[39,352,9],[18,10,970]]",,150,17716,0.2453651279,14768835,30,29525,,,,,0.2556565106,0.8801422042,0.8649122955,0.8792762654,0.8572445767,1969,0.9197562214,0.9246901811,0.8818181818,0.9719438878,0.8661174047,998,0.8897917725,0.7911453321,0.8782051282,0.7197898424,0.9592274678,571,0.9507364144,0.8789013733,0.8778054863,0.88,0.9687699171,400,0.8766609115,0.8799552403,0.8801422042,1969
"{model: Federated VGG_Simple, client_lr: 0.001, lr_decay: 0.05, num_clients: 3, epochs_per_client: 10}",cfniebrs,finished,-,maxb,host-max-pve,2021-04-14T04:26:19.000Z,5127,chlrvmn2,64,0.001,HUST-19 (slices),,150,10,categorical_crossentropy,0.05,Federated VGG_Simple,3,15,4242,stratified_shuffle_deterministic,1,FALSE,,0.8368198276,140,"[[370,68,133],[18,377,5],[19,23,956]]",,150,17716,0.3458557427,714467,15,59050,,,,,0.2957223952,0.8649060437,0.8464225821,0.8628346229,0.8494672737,1969,0.9085830371,0.913957935,0.873857404,0.9579158317,0.8578784758,998,0.8791264601,0.7566462168,0.9090909091,0.6479859895,0.9735336195,571,0.9421025901,0.8686635945,0.8055555556,0.9425,0.9420012747,400,0.8591368444,0.8701995026,0.8649060437,1969
"{model: Federated VGG_16, client_lr: 0.0001, lr_decay: 0.05, num_clients: 1, epochs_per_client: 10}",q4jqolkp,finished,-,maxb,host-max-pve,2021-04-14T11:54:20.000Z,11529,chlrvmn2,64,0.0001,HUST-19 (slices),,150,10,categorical_crossentropy,0.05,Federated VGG_16,1,15,4242,stratified_shuffle_deterministic,1,FALSE,,0.9183337092,140,"[[449,28,94],[31,364,5],[51,6,941]]",,150,17716,0.1659736931,14768835,15,177160,,,,,0.2885024846,0.8842051803,0.8758051971,0.8786218122,0.8739012058,1969,0.9177247334,0.9201970443,0.9050387597,0.9358717435,0.8990731205,998,0.8902996445,0.8039927405,0.8342749529,0.7758318739,0.9370529328,571,0.9603859827,0.9032258065,0.8965517241,0.91,0.9732313576,400,0.8830506997,0.882793484,0.8842051803,1969
"{model: Federated VGG_16, client_lr: 0.001, lr_decay: 0, num_clients: 3, epochs_per_client: 10}",xqymaj72,finished,-,maxb,host-max-main,2021-04-14T01:15:45.000Z,18978,chlrvmn2,64,0.001,HUST-19 (slices),,150,10,categorical_crossentropy,0,Federated VGG_16,3,15,4242,stratified_shuffle_deterministic,1,FALSE,,0.8765409589,140,"[[395,51,125],[41,352,7],[31,14,953]]",,150,17716,0.2534272373,14768835,15,59050,,,,,0.2852447927,0.8633824276,0.8459315029,0.8560967084,0.8422262154,1969,0.9101066531,0.9150264042,0.8783410138,0.9549098196,0.8640576725,998,0.87404774,0.7610789981,0.8458244111,0.6917688266,0.9484978541,571,0.9426104622,0.8616891065,0.8441247002,0.88,0.9585723391,400,0.8595470299,0.8619603609,0.8633824276,1969
"{model: vgg_16, client_lr: 0.001, lr_decay: 0.05, num_clients: 2}",0hzxjd1r,finished,-,maxb,,2021-04-20T08:56:30.000Z,7885,7gaer1ki,64,0.001,HUST-19 (slices),,150,,categorical_crossentropy,0.05,VGG_16,2,,4242,stratified_shuffle_deterministic,,,0,0.8115827441,141,"[[340,82,149],[60,325,15],[70,29,899]]",,150,8858,0.4409665167,14768835,,,,,,,0.4916419387,0.7943118334,0.7677073547,0.7715122536,0.7695827294,1969,0.8664296597,0.8723920427,0.8457196613,0.9008016032,0.8311019567,998,0.8166582021,0.6532180596,0.7234042553,0.5954465849,0.9070100143,571,0.905535805,0.7775119617,0.745412844,0.8125,0.9292543021,400,0.7895579255,0.7898716046,0.7943118334,1969
"{model: vgg_16, client_lr: 0.001, lr_decay: 0.05, num_clients: 3}",55jgphc8,finished,-,maxb,,2021-04-20T17:16:57.000Z,3578,7gaer1ki,64,0.001,HUST-19 (slices),,150,,categorical_crossentropy,0.05,VGG_16,3,,4242,stratified_shuffle_deterministic,,,0,0.8174428344,144,"[[327,81,163],[45,340,15],[71,19,908]]",,150,5905,0.4162119031,14768835,,,,,,,0.4650055468,0.7998984256,0.7752984585,0.7823240071,0.7774997163,1969,0.8638902996,0.8714011516,0.8360957643,0.9098196393,0.8166838311,998,0.8171660741,0.6449704142,0.7381489842,0.5726795096,0.9170243205,571,0.9187404774,0.8095238095,0.7727272727,0.85,0.936265137,400,0.7931670796,0.7948184621,0.7998984256,1969
"{model: Federated VGG_Simple, client_lr: 0.001, lr_decay: 0.05, num_clients: 2, epochs_per_client: 5}",8kbx4nf9,finished,-,maxb,max-pve,2021-04-10T22:54:48.000Z,4850,am6j3hgn,64,0.001,HUST-19 (slices),,150,5,categorical_crossentropy,0.05,Federated VGG_Simple,2,30,4242,stratified_shuffle_deterministic,1,FALSE,,0.8510160446,145,"[[397,49,125],[43,356,1],[27,19,952]]",,150,17716,0.3023785949,714467,30,44290,,,,,0.2757151425,0.8659217877,0.8487195316,0.8576155303,0.8463930897,1969,0.9126460132,0.9171483622,0.8831168831,0.9539078156,0.8702368692,998,0.876079228,0.7649325626,0.8501070664,0.6952714536,0.9499284692,571,0.9431183342,0.8640776699,0.8396226415,0.89,0.9566602932,400,0.8622253056,0.8647084006,0.8659217877,1969
"{model: Federated VGG_Simple, client_lr: 0.001, lr_decay: 0.05, num_clients: 3, epochs_per_client: 5}",jiq40x42,finished,-,maxb,host-max-main,2021-04-14T01:11:56.000Z,8266,chlrvmn2,64,0.001,HUST-19 (slices),,150,5,categorical_crossentropy,0.05,Federated VGG_Simple,3,30,4242,stratified_shuffle_deterministic,1,FALSE,,0.8293294311,145,"[[350,88,133],[14,380,6],[24,25,949]]",,150,17716,0.3737463355,714467,30,29525,,,,,0.3151806295,0.8527171153,0.8302887322,0.8483651926,0.8379538411,1969,0.9045200609,0.9098753595,0.8722426471,0.9509018036,0.8568486097,998,0.8684611478,0.7299270073,0.9020618557,0.6129597198,0.9728183119,571,0.9324530218,0.8510638298,0.7707910751,0.95,0.9279796048,400,0.8457437592,0.8602803003,0.8527171153,1969
"{model: vgg_simple, client_lr: 0.01, lr_decay: 0.05, num_clients: 1}",61quw5lp,finished,-,maxb,,2021-04-26T21:52:33.000Z,5152,7gaer1ki,64,0.01,HUST-19 (slices),,150,,categorical_crossentropy,0.05,VGG_Simple,1,,4242,,,,0,0.6777489185,147,"[[177,16,378],[18,215,167],[3,3,992]]",,150,17716,0.6820855141,714467,,,,,,,0.6125233769,0.7028948705,0.640404846,0.8193853184,0.6138234876,1969,0.720162519,0.782642998,0.6454131425,0.993987976,0.438722966,998,0.7892331133,0.4603381014,0.8939393939,0.3099824869,0.9849785408,571,0.8963941087,0.6782334385,0.9188034188,0.5375,0.987890376,400,0.6679655375,0.7730234016,0.7028948705,1969
"{model: vgg_16, client_lr: 0.0001, lr_decay: 0.05, num_clients: 2}",0wvccvrp,finished,-,maxb,,2021-04-20T11:42:18.000Z,7860,7gaer1ki,64,0.0001,HUST-19 (slices),,150,,categorical_crossentropy,0.05,VGG_16,2,,4242,stratified_shuffle_deterministic,,,0,0.8715285659,148,"[[414,56,101],[45,347,8],[62,22,914]]",,150,8858,0.2786868513,14768835,,,,,,,0.3152190745,0.8506856272,0.8346522003,0.8348489811,0.8361251487,1969,0.9019807009,0.9045027214,0.8934506354,0.9158316633,0.8877445932,998,0.8659217877,0.7582417582,0.7946257198,0.7250437828,0.9234620887,571,0.9334687659,0.8412121212,0.8164705882,0.8675,0.9502868069,400,0.849230375,0.8491535071,0.8506856272,1969
"{model: vgg_16, client_lr: 0.0001, lr_decay: 0.05, num_clients: 3}",pk0ikgjw,finished,-,maxb,,2021-04-20T11:08:02.000Z,5583,7gaer1ki,64,0.0001,HUST-19 (slices),,150,,categorical_crossentropy,0.05,VGG_16,3,,4242,stratified_shuffle_deterministic,,,0,0.8208298087,148,"[[333,85,153],[37,343,20],[60,27,911]]",,150,5905,0.418042928,14768835,,,,,,,0.4562716782,0.8059928898,0.7809313078,0.7895568875,0.7845043473,1969,0.8679532758,0.8751200768,0.8404059041,0.9128256513,0.8218331617,998,0.8298628746,0.6653346653,0.7744186047,0.5831873905,0.9306151645,571,0.9141696293,0.8023391813,0.7538461538,0.8575,0.9286169535,400,0.7994980209,0.8036854124,0.8059928898,1969
"{model: vgg_simple, client_lr: 0.01, lr_decay: 0.05, num_clients: 3}",12c1edhx,finished,-,maxb,,2021-04-20T17:11:01.000Z,1271,7gaer1ki,64,0.01,HUST-19 (slices),,150,,categorical_crossentropy,0.05,VGG_Simple,3,,4242,stratified_shuffle_deterministic,,,0,0.7674852014,149,"[[281,95,195],[15,366,19],[22,15,961]]",,150,5905,0.488983959,714467,,,,,,,0.4503639042,0.8166582021,0.7840929678,0.8234759007,0.7900149803,1969,0.8725241239,0.8844914864,0.8178723404,0.9629258517,0.7796086509,998,0.8339258507,0.6321709786,0.8836477987,0.4921190893,0.9735336195,571,0.9268664297,0.8356164384,0.768907563,0.915,0.9298916507,400,0.8013909129,0.8269997532,0.8166582021,1969
"{model: vgg_simple, client_lr: 0.001, lr_decay: 0.05, num_clients: 3}",1snclnl3,finished,-,maxb,,2021-04-20T09:37:06.000Z,1978,7gaer1ki,64,0.001,HUST-19 (slices),,150,,categorical_crossentropy,0.05,VGG_Simple,3,,4242,stratified_shuffle_deterministic,,,0,0.7534292936,149,"[[299,62,210],[67,296,37],[44,20,934]]",,150,5905,0.6333329678,714467,,,,,,,0.6154762506,0.7765363128,0.7425938293,0.7677307611,0.7331714918,1969,0.8420518029,0.8572739789,0.7908552075,0.9358717435,0.745623069,998,0.8054850178,0.6095820591,0.7292682927,0.523642732,0.9206008584,571,0.905535805,0.7609254499,0.7830687831,0.74,0.9477374124,400,0.7658714914,0.7714135121,0.7765363128,1969
"{model: vgg_simple, client_lr: 0.0001, lr_decay: 0.05, num_clients: 1}",cb2zto86,finished,-,maxb,,2021-04-20T12:41:12.000Z,5170,7gaer1ki,64,0.0001,HUST-19 (slices),,150,,categorical_crossentropy,0.05,VGG_Simple,1,,4242,,,,0,0.5517610908,149,"[[88,26,457],[36,143,221],[21,14,963]]",,150,17716,0.8935819864,714467,,,,,,,0.8416236043,0.6063991874,0.4887326653,0.6583848704,0.4921818155,1969,0.6378872524,0.7298219022,0.5868372943,0.9649298597,0.3017507724,998,0.7257491112,0.2458100559,0.6068965517,0.1541155867,0.9592274678,571,0.8491620112,0.4905660377,0.781420765,0.3575,0.9745060548,400,0.5408563816,0.6321837769,0.6063991874,1969
"{model: vgg_16, client_lr: 0.001, lr_decay: 0.05, num_clients: 1}",rqxs9tee,finished,-,maxb,,2021-04-20T09:27:00.000Z,14739,7gaer1ki,64,0.001,HUST-19 (slices),,150,,categorical_crossentropy,0.05,VGG_16,1,,4242,,,,0,0.8498532176,149,"[[381,65,125],[50,339,11],[37,27,934]]",,150,17716,0.3241071999,14768835,,,,,,,0.3506963849,0.8400203149,0.8175233918,0.8245142279,0.8168740604,1969,0.8984255967,0.9032882012,0.8728971963,0.9358717435,0.859938208,998,0.8593194515,0.7333974976,0.8141025641,0.6672504378,0.9377682403,571,0.9222955815,0.8158844765,0.7865429234,0.8475,0.9413639261,400,0.8362647976,0.8383042841,0.8400203149,1969
"{model: Federated VGG_Simple, client_lr: 0.0001, lr_decay: 0.05, num_clients: 3, epochs_per_client: 10}",0h93gsb5,finished,-,maxb,host-max-pve,2021-04-14T18:06:14.000Z,8506,chlrvmn2,64,0.0001,HUST-19 (slices),,150,10,categorical_crossentropy,0.05,Federated VGG_Simple,3,15,4242,stratified_shuffle_deterministic,1,FALSE,,0.7532230616,150,"[[296,89,186],[36,349,15],[18,19,961]]",,150,17716,0.5445783138,714467,15,59050,,,,,0.4061638117,0.8156424581,0.7823544935,0.8121376032,0.7846048811,1969,0.8791264601,0.8898148148,0.8270223752,0.9629258517,0.7929969104,998,0.8329101067,0.6427795874,0.8457142857,0.5183887916,0.9613733906,571,0.9192483494,0.8144690782,0.7636761488,0.8725,0.931166348,400,0.802869457,0.819574224,0.8156424581,1969
"{model: Federated VGG_Simple, client_lr: 0.0001, lr_decay: 0.05, num_clients: 2, epochs_per_client: 10}",0lw94nkk,finished,-,maxb,,2021-04-11T02:34:06.000Z,8090,am6j3hgn,64,0.0001,HUST-19 (slices),,150,10,categorical_crossentropy,0.05,Federated VGG_Simple,2,15,4242,stratified_shuffle_deterministic,1,FALSE,,0.7521167397,150,"[[279,80,212],[18,360,22],[12,24,962]]",,150,17716,0.5414769053,714467,15,88580,,,,,0.4188808799,0.813103098,0.7814537812,0.8277075055,0.7841814394,1969,0.8628745556,0.8769371012,0.8043478261,0.9639278557,0.7590113285,998,0.8364652108,0.6340909091,0.9029126214,0.4886164623,0.9785407725,571,0.9268664297,0.8333333333,0.775862069,0.9,0.9337157425,400,0.7976548854,0.8271442686,0.813103098,1969
"{model: Federated VGG_Simple, client_lr: 0.0001, lr_decay: 0.05, num_clients: 1, epochs_per_client: 5}",2ylmdyf0,finished,-,maxb,host-max-main,2021-04-14T08:46:41.000Z,8244,chlrvmn2,64,0.0001,HUST-19 (slices),,150,5,categorical_crossentropy,0.05,Federated VGG_Simple,1,30,4242,stratified_shuffle_deterministic,1,FALSE,,0.780277729,150,"[[300,86,185],[16,367,17],[3,21,974]]",,150,17716,0.4741562605,714467,30,88580,,,,,0.3732584715,0.8334179787,0.8033394651,0.8476439225,0.8062819831,1969,0.8852209243,0.8960441582,0.8282312925,0.9759519038,0.7919670443,998,0.8527171153,0.6741573034,0.9404388715,0.5253940455,0.9864091559,571,0.9288979177,0.8398169336,0.7742616034,0.9175,0.9318036966,400,0.8202756037,0.8498070426,0.8334179787,1969
"{model: vgg_simple, client_lr: 0.01, lr_decay: 0.05, num_clients: 2}",48c8uaej,finished,-,maxb,,2021-04-26T21:51:04.000Z,2801,7gaer1ki,64,0.01,HUST-19 (slices),,150,,categorical_crossentropy,0.05,VGG_Simple,2,,4242,stratified_shuffle_deterministic,,,0,0.5535109639,150,"[[37,18,516],[1,119,280],[2,29,967]]",,150,8858,0.9106437564,714467,,,,,,,0.8919147253,0.5703402743,0.4140261577,0.7301214501,0.4437454916,1969,0.5799898426,0.7004708439,0.5484968803,0.9689378758,0.1802265705,998,0.7272727273,0.1211129296,0.925,0.06479859895,0.9978540773,571,0.8334179787,0.4204946996,0.7168674699,0.2975,0.9700446144,400,0.4755831716,0.6918851572,0.5703402743,1969
"{model: Federated VGG_Simple, client_lr: 0.0001, lr_decay: 0.05, num_clients: 1, epochs_per_client: 10}",5g70j5fb,finished,-,maxb,host-max-pve,2021-04-14T14:56:20.000Z,8119,chlrvmn2,64,0.0001,HUST-19 (slices),,150,10,categorical_crossentropy,0.05,Federated VGG_Simple,1,15,4242,stratified_shuffle_deterministic,1,FALSE,,0.7759313583,150,"[[306,90,175],[26,361,13],[12,23,963]]",,150,17716,0.4940312505,714467,15,177160,,,,,0.3839399219,0.8278313865,0.7970567402,0.8292673433,0.8011105954,1969,0.8867445404,0.896230805,0.8366637706,0.9649298597,0.8063851699,998,0.8461147791,0.668852459,0.8895348837,0.5359019264,0.9728183119,571,0.9228034535,0.8260869565,0.7616033755,0.9025,0.9279796048,400,0.8160426004,0.8367476952,0.8278313865,1969
"{model: Federated VGG_16, client_lr: 0.001, lr_decay: 0.05, num_clients: 2, epochs_per_client: 10}",8rzm2t6w,finished,-,maxb,max-pve,2021-04-10T22:58:52.000Z,11240,am6j3hgn,64,0.001,HUST-19 (slices),,150,10,categorical_crossentropy,0.05,Federated VGG_16,2,15,4242,stratified_shuffle_deterministic,1,FALSE,,0.8921313882,150,"[[439,82,50],[38,354,8],[145,19,834]]",,150,17716,0.2209424973,14768835,15,88580,,,,,0.3699095249,0.8263077704,0.8155232078,0.8062624459,0.8298326542,1969,0.8872524124,0.8825396825,0.9349775785,0.8356713427,0.9402677652,998,0.8400203149,0.7359597653,0.7057877814,0.76882662,0.8690987124,571,0.9253428136,0.8280701754,0.778021978,0.885,0.9356277884,400,0.8289668356,0.8366283584,0.8263077704,1969
"{model: Federated VGG_Simple, client_lr: 0.001, lr_decay: 0.05, num_clients: 2, epochs_per_client: 10}",968h1rh0,finished,-,maxb,max-pve,2021-04-11T05:19:17.000Z,4877,am6j3hgn,64,0.001,HUST-19 (slices),,150,10,categorical_crossentropy,0.05,Federated VGG_Simple,2,15,4242,stratified_shuffle_deterministic,1,FALSE,,0.8398453593,150,"[[365,84,122],[17,380,3],[37,20,941]]",,150,17716,0.3359129429,714467,15,88580,,,,,0.2959079146,0.8562722194,0.8363079832,0.8463282991,0.8440383979,1969,0.907567293,0.9118217054,0.882739212,0.9428857715,0.8712667353,998,0.8679532758,0.7373737374,0.8711217184,0.6392294221,0.9613733906,571,0.93702387,0.8597285068,0.7851239669,0.95,0.9337157425,400,0.8506500095,0.8595397773,0.8562722194,1969
"{model: vgg_simple, client_lr: 0.0001, lr_decay: 0.05, num_clients: 3}",atsukcgi,finished,-,maxb,,2021-04-20T12:21:28.000Z,1985,7gaer1ki,64,0.0001,HUST-19 (slices),,150,,categorical_crossentropy,0.05,VGG_Simple,3,,4242,stratified_shuffle_deterministic,,,0,0.5696867108,150,"[[85,35,451],[20,147,233],[28,21,949]]",,150,5905,0.9087876678,714467,,,,,,,0.8498272896,0.5997968512,0.4834793898,0.6481248945,0.4890878166,1969,0.6277298121,0.7213987077,0.581139008,0.9509018036,0.2955715757,998,0.7287963433,0.2414772727,0.6390977444,0.1488616462,0.9656652361,571,0.843067547,0.4875621891,0.724137931,0.3675,0.9643084767,400,0.5347203193,0.6269968077,0.5997968512,1969
"{model: Federated VGG_Simple, client_lr: 0.001, lr_decay: 0, num_clients: 2, epochs_per_client: 10}",clr0ws17,finished,-,maxb,max-pve,2021-04-10T22:58:32.000Z,4788,am6j3hgn,64,0.001,HUST-19 (slices),,150,10,categorical_crossentropy,0,Federated VGG_Simple,2,15,4242,stratified_shuffle_deterministic,1,FALSE,,0.8548374176,150,"[[389,55,127],[28,367,5],[16,15,967]]",,150,17716,0.2917414308,714467,15,88580,,,,,0.2603078187,0.875063484,0.8580372551,0.8726970384,0.8558996072,1969,0.9172168614,0.9222699094,0.8798908098,0.9689378758,0.8640576725,998,0.8852209243,0.7749003984,0.8983833718,0.6812609457,0.9685264664,571,0.9476891823,0.8769414576,0.8398169336,0.9175,0.9553855959,400,0.8703250788,0.8771125988,0.875063484,1969
"{model: vgg_simple, client_lr: 0.0001, lr_decay: 0.05, num_clients: 2}",d17u5ji9,finished,-,maxb,,2021-04-20T12:32:53.000Z,2751,7gaer1ki,64,0.0001,HUST-19 (slices),,150,,categorical_crossentropy,0.05,VGG_Simple,2,,4242,stratified_shuffle_deterministic,,,0,0.5763152242,150,"[[199,17,355],[131,139,130],[73,9,916]]",,150,8858,0.9033889174,714467,,,,,,,0.849458456,0.6368715084,0.5547703832,0.6633464898,0.5379490183,1969,0.7120365668,0.7636515215,0.6538187009,0.9178356713,0.5005149331,998,0.7074657186,0.40862423,0.4937965261,0.3485113835,0.8540772532,571,0.8542407313,0.4920353982,0.8424242424,0.3475,0.9834289356,400,0.6055169188,0.6457280736,0.6368715084,1969
"{model: Federated VGG_Simple, client_lr: 0.0001, lr_decay: 0.05, num_clients: 3, epochs_per_client: 5}",dus4akn8,finished,-,maxb,host-max-main,2021-04-14T08:47:09.000Z,8215,chlrvmn2,64,0.0001,HUST-19 (slices),,150,5,categorical_crossentropy,0.05,Federated VGG_Simple,3,30,4242,stratified_shuffle_deterministic,1,FALSE,,0.7910363674,150,"[[330,77,164],[25,360,15],[16,21,961]]",,150,17716,0.4535996914,714467,30,29525,,,,,0.3443630338,0.8384966988,0.8129229276,0.8394988425,0.8136197673,1969,0.8902996445,0.8989710009,0.8429824561,0.9629258517,0.815653965,998,0.8567800914,0.7006369427,0.8894878706,0.5779334501,0.9706723891,571,0.9299136618,0.8391608392,0.7860262009,0.9,0.9375398343,400,0.8293047683,0.8448981949,0.8384966988,1969
"{model: Federated VGG_16, client_lr: 0.001, lr_decay: 0.05, num_clients: 3, epochs_per_client: 10}",esca0fcb,finished,-,maxb,host-max-main,2021-04-14T03:43:20.000Z,19020,chlrvmn2,64,0.001,HUST-19 (slices),,150,10,categorical_crossentropy,0.05,Federated VGG_16,3,15,4242,stratified_shuffle_deterministic,1,FALSE,,0.8960826397,150,"[[376,60,135],[23,365,12],[40,15,943]]",,150,17716,0.2135062367,14768835,15,59050,,,,,0.3216568232,0.8552564754,0.8389529265,0.8503916989,0.8386278833,1969,0.8974098527,0.903256705,0.8651376147,0.9448897796,0.8486096807,998,0.8689690198,0.7445544554,0.8564920273,0.6584938704,0.9549356223,571,0.9441340782,0.869047619,0.8295454545,0.9125,0.9521988528,400,0.8502843236,0.8553999334,0.8552564754,1969
"{model: vgg_16, client_lr: 0.0001, lr_decay: 0.05, num_clients: 1}",etw5glvs,finished,-,maxb,,2021-04-20T11:49:03.000Z,14825,7gaer1ki,64,0.0001,HUST-19 (slices),,150,,categorical_crossentropy,0.05,VGG_16,1,,4242,,,,0,0.8898735642,150,"[[440,49,82],[41,355,4],[45,17,936]]",,150,17716,0.2289968133,14768835,,,,,,,0.2633328438,0.8791264601,0.8645731612,0.8651945257,0.865317895,1969,0.9248349416,0.9267326733,0.915851272,0.9378757515,0.9114315139,998,0.8897917725,0.8021877849,0.8365019011,0.7705779335,0.9384835479,571,0.9436262062,0.8647990256,0.8432304038,0.8875,0.9579349904,400,0.8780335415,0.8780875148,0.8791264601,1969
"{model: vgg_16, client_lr: 0.01, lr_decay: 0.05, num_clients: 2}",j1bznwa1,finished,-,maxb,,2021-04-26T21:35:59.000Z,7884,7gaer1ki,64,0.01,HUST-19 (slices),,150,,categorical_crossentropy,0.05,VGG_16,2,,4242,stratified_shuffle_deterministic,,,0,0.5068864226,150,"[[0,0,571],[0,0,400],[0,0,998]]",,150,8858,1.027260303,14768835,,,,,,,1.027219176,0.5068562722,0.2242444669,0.1689520907,0.3333333333,1969,0.5068562722,0.6727334007,0.5068562722,1,0,998,0.7100050787,0,0,0,1,571,0.7968511935,0,0,0,1,400,0.3409791437,0.2569032807,0.5068562722,1969
"{model: Federated VGG_Simple, client_lr: 0.001, lr_decay: 0, num_clients: 1, epochs_per_client: 5}",k26bk362,finished,-,maxb,host-max-pve,2021-04-13T04:26:18.000Z,7797,chlrvmn2,64,0.001,HUST-19 (slices),,150,5,categorical_crossentropy,0,Federated VGG_Simple,1,30,4242,stratified_shuffle_deterministic,1,FALSE,,0.8544592261,150,"[[398,46,127],[41,354,5],[22,1,975]]",,150,17716,0.2845709622,714467,30,88580,,,,,0.2543691397,0.8770949721,0.8605262521,0.8756307963,0.852992225,1969,0.9212798375,0.9263657957,0.8807588076,0.9769539078,0.8640576725,998,0.8801422042,0.7713178295,0.863340564,0.6970227671,0.9549356223,571,0.9527679025,0.8838951311,0.8827930175,0.885,0.9700446144,400,0.8727748081,0.8761208527,0.8770949721,1969
"{model: Federated VGG_Simple, client_lr: 0.001, lr_decay: 0, num_clients: 3, epochs_per_client: 5}",l868tdq1,finished,-,maxb,host-max-main,2021-04-13T05:37:42.000Z,4776,chlrvmn2,64,0.001,HUST-19 (slices),,150,5,categorical_crossentropy,0,Federated VGG_Simple,3,30,4242,stratified_shuffle_deterministic,1,FALSE,,0.8463084102,150,"[[373,69,129],[18,376,6],[8,14,976]]",,150,17716,0.3206587732,714467,30,29525,,,,,0.2599903941,0.876079228,0.8566886184,0.8774990183,0.8570652806,1969,0.9202640934,0.9255571361,0.8784878488,0.9779559118,0.8609680742,998,0.8862366684,0.7690721649,0.9348370927,0.6532399299,0.9814020029,571,0.9456576943,0.8754365541,0.8191721133,0.94,0.9471000637,400,0.8699953528,0.8827789225,0.876079228,1969
"{model: vgg_simple, client_lr: 0.001, lr_decay: 0.05, num_clients: 2}",nq4yheg0,finished,-,maxb,,2021-04-20T09:40:59.000Z,2761,7gaer1ki,64,0.001,HUST-19 (slices),,150,,categorical_crossentropy,0.05,VGG_Simple,2,,4242,stratified_shuffle_deterministic,,,0,0.7849401832,150,"[[338,67,166],[57,314,29],[36,24,938]]",,150,8858,0.5975034833,714467,,,,,,,0.5515551567,0.8075165058,0.7783709306,0.7958073119,0.7722745725,1969,0.8704926359,0.8803378695,0.827890556,0.9398797595,0.7991761071,998,0.8344337227,0.6746506986,0.7842227378,0.591943958,0.9334763948,571,0.9101066531,0.7801242236,0.775308642,0.785,0.9420012747,400,0.800331352,0.8045451574,0.8075165058,1969
"{model: Federated VGG_Simple, client_lr: 0.01, lr_decay: 0.05, num_clients: 3, epochs_per_client: 10}",oj4sotuz,finished,-,maxb,host-max-pve,2021-04-13T03:46:48.000Z,7671,chlrvmn2,64,0.01,HUST-19 (slices),,150,10,categorical_crossentropy,0.05,Federated VGG_Simple,3,15,4242,stratified_shuffle_deterministic,1,FALSE,,0.5069428682,150,"[[0,0,571],[0,0,400],[0,0,998]]",,150,17716,1.027262449,714467,15,59050,,,,,1.02718699,0.5068562722,0.2242444669,0.1689520907,0.3333333333,1969,0.5068562722,0.6727334007,0.5068562722,1,0,998,0.7100050787,0,0,0,1,571,0.7968511935,0,0,0,1,400,0.3409791437,0.2569032807,0.5068562722,1969
"{model: Federated VGG_Simple, client_lr: 0.001, lr_decay: 0.05, num_clients: 1, epochs_per_client: 10}",r0c28tkb,finished,-,maxb,host-max-pve,2021-04-14T04:09:39.000Z,4984,chlrvmn2,64,0.001,HUST-19 (slices),,150,10,categorical_crossentropy,0.05,Federated VGG_Simple,1,15,4242,stratified_shuffle_deterministic,1,FALSE,,0.81688869,150,"[[381,49,141],[54,340,6],[17,15,966]]",,150,17716,0.3683362007,714467,15,177160,,,,,0.3000400364,0.8567800914,0.8352817476,0.8508096802,0.8283954365,1969,0.9090909091,0.9152060635,0.8679245283,0.9679358717,0.8486096807,998,0.8674454038,0.7448680352,0.842920354,0.6672504378,0.9492131617,571,0.93702387,0.8457711443,0.8415841584,0.85,0.9592096877,400,0.8517032794,0.85532243,0.8567800914,1969
"{model: vgg_simple, client_lr: 0.001, lr_decay: 0.05, num_clients: 1}",vns00o02,finished,-,maxb,,2021-04-20T09:41:28.000Z,5160,7gaer1ki,64,0.001,HUST-19 (slices),,150,,categorical_crossentropy,0.05,VGG_Simple,1,,4242,,,,0,0.7433393598,150,"[[295,115,161],[13,371,16],[12,31,955]]",,150,17716,0.5676029921,714467,,,,,,,0.4427670538,0.8232605383,0.7893504164,0.8277053745,0.8003504353,1969,0.8882681564,0.896713615,0.843639576,0.9569138277,0.8177136972,998,0.8471305231,0.6621773288,0.921875,0.5166374781,0.9821173104,571,0.9111223972,0.8091603053,0.7176015474,0.9275,0.9069471001,400,0.8109129328,0.8407229765,0.8232605383,1969
"{model: Federated VGG_Simple, client_lr: 0.0001, lr_decay: 0.05, num_clients: 2, epochs_per_client: 5}",wvxsbq0e,finished,-,maxb,max-pve,2021-04-11T16:37:52.000Z,8225,am6j3hgn,64,0.0001,HUST-19 (slices),,150,5,categorical_crossentropy,0.05,Federated VGG_Simple,2,30,4242,stratified_shuffle_deterministic,1,FALSE,,0.78510952,150,"[[385,26,160],[82,300,18],[37,2,959]]",,150,17716,0.4678530395,714467,30,44290,,,,,0.3589382172,0.8349415947,0.8129385166,0.8406569015,0.7950591785,1969,0.8897917725,0.8983606557,0.8434476693,0.9609218437,0.8166838311,998,0.845099035,0.7162790698,0.7638888889,0.6742556918,0.9148783977,571,0.9349923819,0.8241758242,0.9146341463,0.75,0.9821542384,400,0.8304873606,0.8348374749,0.8349415947,1969
"{model: vgg_simple, client_lr: 0.01, lr_decay: 0, num_clients: 3}",6eq3idl3,finished,-,maxb,,2021-04-24T12:25:33.000Z,1253,f7x2hj6e,64,0.01,HUST-19 (slices),,150,,categorical_crossentropy,0,VGG_Simple,3,,4242,stratified_shuffle_deterministic,,,2,0.5069420934,3,"[[0,0,571],[0,0,400],[0,0,998]]",,150,5906,1.028796434,714467,,,,,,,1.027188182,0.5068562722,0.2242444669,0.1689520907,0.3333333333,1969,0.5068562722,0.6727334007,0.5068562722,1,0,998,0.7100050787,0,0,0,1,571,0.7968511935,0,0,0,1,400,0.3409791437,0.2569032807,0.5068562722,1969
"{model: vgg_16, client_lr: 0.0001, lr_decay: 0, num_clients: 2}",a96q82xg,finished,-,maxb,,2021-04-24T02:22:58.000Z,7949,o8mswfpk,64,0.0001,HUST-19 (slices),,150,,categorical_crossentropy,0,VGG_16,2,,4242,stratified_shuffle_deterministic,,,1,0.8947843909,18,"[[414,32,125],[49,342,9],[45,8,945]]",,150,8858,0.2114953548,14768835,,,,,,,0.296608299,0.8638902996,0.8506746019,0.8620198414,0.8423125235,1969,0.905027933,0.9099662975,0.8758109361,0.9468937876,0.8619979403,998,0.8725241239,0.7673772011,0.8149606299,0.7250437828,0.9327610873,571,0.9502285424,0.8746803069,0.8952879581,0.855,0.9745060548,400,0.8614478769,0.8621213901,0.8638902996,1969
"{model: vgg_16, client_lr: 0.0001, lr_decay: 0, num_clients: 3}",o471rw6e,finished,-,maxb,host-max-pve,2021-04-24T11:13:48.000Z,5571,f7x2hj6e,64,0.0001,HUST-19 (slices),,150,,categorical_crossentropy,0,VGG_16,3,,4242,stratified_shuffle_deterministic,,,1,0.8738357425,18,"[[389,44,138],[50,346,4],[31,6,961]]",,150,5905,0.2524410188,14768835,,,,,,,0.3111899793,0.8613509396,0.8438358393,0.8575523826,0.8363955991,1969,0.9090909091,0.914802475,0.8712601995,0.9629258517,0.8537590113,998,0.8664296597,0.7473583093,0.8276595745,0.6812609457,0.9420600858,571,0.9471813103,0.8693467337,0.8737373737,0.865,0.9681325685,400,0.8570102378,0.8591194746,0.8613509396,1969
"{model: vgg_16, client_lr: 0.01, lr_decay: 0, num_clients: 3}",0q0lxu66,finished,-,maxb,host-max-pve,2021-04-24T12:18:53.000Z,5551,f7x2hj6e,64,0.01,HUST-19 (slices),,150,,categorical_crossentropy,0,VGG_16,3,,4242,stratified_shuffle_deterministic,,,2,0.5086352825,23,"[[49,183,339],[11,257,132],[34,110,854]]",,150,5906,1.150705695,14768835,,,,,,,0.895165503,0.5891315389,0.4745590623,0.5443592083,0.5280085945,1969,0.68765871,0.7352561343,0.6445283019,0.8557114228,0.5149330587,998,0.7120365668,0.1473684211,0.5212765957,0.08581436077,0.9678111588,571,0.7785678009,0.5410526316,0.4672727273,0.6425,0.8132568515,400,0.5253194734,0.5727766746,0.5891315389,1969
"{model: vgg_16, client_lr: 0.0001, lr_decay: 0, num_clients: 3}",z6s3no4x,finished,-,maxb,host-max-pve,2021-04-24T20:50:02.000Z,3551,f7x2hj6e,64,0.0001,HUST-19 (slices),,150,,categorical_crossentropy,0,VGG_16,3,,4242,stratified_shuffle_deterministic,,,2,0.8872333169,26,"[[449,33,89],[70,328,2],[91,7,900]]",,150,5906,0.216962561,14768835,,,,,,,0.2981109917,0.8517013713,0.8398388693,0.8451811612,0.8360477873,1969,0.9040121889,0.9049773756,0.9081735621,0.9018036072,0.9062821833,998,0.8562722194,0.7603725656,0.7360655738,0.7863397548,0.8848354793,571,0.9431183342,0.8541666667,0.8913043478,0.82,0.9745060548,400,0.8527205802,0.8548361588,0.8517013713,1969
"{model: vgg_simple, client_lr: 0.001, lr_decay: 0, num_clients: 3}",1ixbt9yh,finished,-,maxb,,2021-04-23T17:55:38.000Z,1260,f7x2hj6e,64,0.001,HUST-19 (slices),,150,,categorical_crossentropy,0,VGG_Simple,3,,4242,stratified_shuffle_deterministic,,,1,0.8189669847,34,"[[337,62,172],[53,315,32],[27,18,953]]",,150,5905,0.3807297945,714467,,,,,,,0.3938284218,0.8151345861,0.7863646071,0.8097679226,0.7775341547,1969,0.873539868,0.8844547564,0.823681936,0.9549098196,0.789907312,998,0.8405281869,0.6821862348,0.8081534772,0.5901926445,0.9427753934,571,0.9162011173,0.7924528302,0.7974683544,0.7875,0.9490121096,400,0.8071078309,0.813853504,0.8151345861,1969
"{model: vgg_simple, client_lr: 0.0001, lr_decay: 0, num_clients: 2}",o4ds625r,finished,-,maxb,,2021-04-24T04:35:31.000Z,2917,o8mswfpk,64,0.0001,HUST-19 (slices),,150,,categorical_crossentropy,0,VGG_Simple,2,,4242,stratified_shuffle_deterministic,,,1,0.8357416987,41,"[[406,51,114],[40,351,9],[44,24,930]]",,150,8858,0.3391636014,714467,,,,,,,0.3252957463,0.8567800914,0.8406897899,0.8452353246,0.8401323341,1969,0.9029964449,0.9068746953,0.8831908832,0.9318637275,0.8733264676,998,0.873539868,0.7653157399,0.8285714286,0.711033275,0.9399141631,571,0.93702387,0.8498789346,0.823943662,0.8775,0.9521988528,400,0.8542446964,0.8553155165,0.8567800914,1969
"{model: vgg_16, client_lr: 0.001, lr_decay: 0, num_clients: 3}",kej313ap,finished,-,maxb,host-max-pve,2021-04-24T13:19:11.000Z,5547,f7x2hj6e,64,0.001,HUST-19 (slices),,150,,categorical_crossentropy,0,VGG_16,3,,4242,stratified_shuffle_deterministic,,,2,0.8550626636,44,"[[383,58,130],[56,340,4],[58,17,923]]",,150,5906,0.3160037696,14768835,,,,,,,0.3632164598,0.8359573388,0.8166270432,0.8210423208,0.8152009214,1969,0.8938547486,0.898296837,0.8732261116,0.9248496994,0.8619979403,998,0.8466226511,0.7172284644,0.7706237425,0.6707530648,0.9184549356,571,0.9314372778,0.8343558282,0.8192771084,0.85,0.9521988528,400,0.8327983889,0.8325122701,0.8359573388,1969
"{model: vgg_simple, client_lr: 0.0001, lr_decay: 0, num_clients: 3}",ang5pj1i,finished,-,maxb,host-max-pve,2021-04-24T21:49:19.000Z,1271,f7x2hj6e,64,0.0001,HUST-19 (slices),,150,,categorical_crossentropy,0,VGG_Simple,3,,4242,stratified_shuffle_deterministic,,,2,0.8359295726,45,"[[404,32,135],[79,315,6],[51,7,940]]",,150,5906,0.3436169624,714467,,,,,,,0.357693553,0.842559675,0.8236821301,0.838650011,0.8123048052,1969,0.8989334688,0.9042809043,0.8695652174,0.9418837675,0.8547888774,998,0.8491620112,0.7312217195,0.7565543071,0.707530648,0.9070100143,571,0.93702387,0.8355437666,0.8898305085,0.7875,0.9751434034,400,0.8401307521,0.8409094971,0.842559675,1969
"{model: vgg_simple, client_lr: 0.0001, lr_decay: 0, num_clients: 3}",c96d9hap,finished,-,maxb,host-max-pve,2021-04-24T11:13:54.000Z,1956,f7x2hj6e,64,0.0001,HUST-19 (slices),,150,,categorical_crossentropy,0,VGG_Simple,3,,4242,stratified_shuffle_deterministic,,,1,0.8357324004,48,"[[330,116,125],[14,378,8],[19,25,954]]",,150,5905,0.3550102711,714467,,,,,,,0.3487422466,0.844083291,0.8147931088,0.8383531676,0.8262817579,1969,0.9101066531,0.9151079137,0.8776448942,0.9559118236,0.8630278064,998,0.8608430675,0.7066381156,0.9090909091,0.5779334501,0.9763948498,571,0.9172168614,0.8226332971,0.7283236994,0.945,0.9101338432,400,0.835866623,0.8564296563,0.844083291,1969
"{model: vgg_simple, client_lr: 0.001, lr_decay: 0, num_clients: 3}",ys434dxk,finished,-,maxb,,2021-04-24T13:45:23.000Z,1250,f7x2hj6e,64,0.001,HUST-19 (slices),,150,,categorical_crossentropy,0,VGG_Simple,3,,4242,stratified_shuffle_deterministic,,,2,0.8293260932,52,"[[368,50,153],[62,328,10],[32,17,949]]",,150,5906,0.362952739,714467,,,,,,,0.3915080428,0.8354494667,0.8123903995,0.8267779365,0.8051283887,1969,0.8923311326,0.8995260664,0.8534172662,0.9509018036,0.8321318229,998,0.8491620112,0.7124878993,0.7965367965,0.6444833625,0.9327610873,571,0.9294057897,0.8251572327,0.8303797468,0.82,0.9572976418,400,0.830178008,0.8322421743,0.8354494667,1969
"{model: vgg_simple, client_lr: 0.001, lr_decay: 0, num_clients: 2}",yu4vkg4e,finished,-,maxb,,2021-04-23T22:32:13.000Z,2907,o8mswfpk,64,0.001,HUST-19 (slices),,150,,categorical_crossentropy,0,VGG_Simple,2,,4242,stratified_shuffle_deterministic,,,1,0.8482727408,61,"[[462,33,76],[55,334,11],[107,17,874]]",,150,8858,0.2977145016,714467,,,,,,,0.3301925361,0.8481462671,0.8391848531,0.8398818616,0.8399527777,1969,0.8928390046,0.8922919857,0.9094693028,0.875751503,0.9104016478,998,0.8623666836,0.7732217573,0.7403846154,0.8091068301,0.8841201717,571,0.9410868461,0.8520408163,0.8697916667,0.835,0.9681325685,400,0.8495852472,0.8523751378,0.8481462671,1969
"{model: vgg_16, client_lr: 0.001, lr_decay: 0, num_clients: 3}",zpzhzxk5,finished,-,maxb,,2021-04-23T16:57:11.000Z,3502,f7x2hj6e,64,0.001,HUST-19 (slices),,150,,categorical_crossentropy,0,VGG_16,3,,4242,stratified_shuffle_deterministic,,,1,0.8806096315,61,"[[378,45,148],[47,337,16],[44,14,940]]",,150,5905,0.2416955978,14768835,,,,,,,0.3550534546,0.8405281869,0.8226810147,0.8361431752,0.8154600883,1969,0.8872524124,0.8943862988,0.8514492754,0.9418837675,0.8311019567,998,0.8557643474,0.7269230769,0.8059701493,0.6619964974,0.93490701,571,0.938039614,0.8467336683,0.851010101,0.8425,0.9623964308,400,0.8361422399,0.838171342,0.8405281869,1969
"{model: vgg_simple, client_lr: 0.01, lr_decay: 0, num_clients: 3}",2uncubyw,finished,-,maxb,,2021-04-23T15:16:47.000Z,1246,f7x2hj6e,64,0.01,HUST-19 (slices),,150,,categorical_crossentropy,0,VGG_Simple,3,,4242,stratified_shuffle_deterministic,,,1,0.5068585873,66,"[[0,0,571],[0,0,400],[0,0,998]]",,150,5905,1.027895808,714467,,,,,,,1.027187586,0.5068562722,0.2242444669,0.1689520907,0.3333333333,1969,0.5068562722,0.6727334007,0.5068562722,1,0,998,0.7100050787,0,0,0,1,571,0.7968511935,0,0,0,1,400,0.3409791437,0.2569032807,0.5068562722,1969
"{model: vgg_16, client_lr: 0.01, lr_decay: 0, num_clients: 3}",rzxk065c,finished,-,maxb,,2021-04-23T14:18:13.000Z,3509,f7x2hj6e,64,0.01,HUST-19 (slices),,150,,categorical_crossentropy,0,VGG_16,3,,4242,stratified_shuffle_deterministic,,,1,0.5068585873,66,"[[0,0,571],[0,0,400],[0,0,998]]",,150,5905,1.027893901,14768835,,,,,,,1.027187347,0.5068562722,0.2242444669,0.1689520907,0.3333333333,1969,0.5068562722,0.6727334007,0.5068562722,1,0,998,0.7100050787,0,0,0,1,571,0.7968511935,0,0,0,1,400,0.3409791437,0.2569032807,0.5068562722,1969
"{model: vgg_16, client_lr: 0.001, lr_decay: 0, num_clients: 2}",30e7tjnu,finished,-,maxb,,2021-04-23T20:19:48.000Z,7940,o8mswfpk,64,0.001,HUST-19 (slices),,150,,categorical_crossentropy,0,VGG_16,2,,4242,stratified_shuffle_deterministic,,,1,0.8745766282,74,"[[377,49,145],[33,354,13],[45,14,939]]",,150,8858,0.2594512999,14768835,,,,,,,0.3453041911,0.8481462671,0.8326326342,0.8444877071,0.8287089825,1969,0.8897917725,0.8964200477,0.8559708295,0.9408817635,0.8372811535,998,0.8618588116,0.7348927875,0.8285714286,0.6602451839,0.9442060086,571,0.9446419502,0.8665850673,0.8489208633,0.885,0.9598470363,400,0.843517022,0.8465929502,0.8481462671,1969
"{model: vgg_simple, client_lr: 0.01, lr_decay: 0, num_clients: 2}",dkf5xtwm,finished,-,maxb,,2021-04-23T16:33:28.000Z,2830,o8mswfpk,64,0.01,HUST-19 (slices),,150,,categorical_crossentropy,0,VGG_Simple,2,,4242,stratified_shuffle_deterministic,,,1,0.5069993138,119,"[[0,0,571],[0,0,400],[0,0,998]]",,150,8858,1.027794719,714467,,,,,,,1.02718842,0.5068562722,0.2242444669,0.1689520907,0.3333333333,1969,0.5068562722,0.6727334007,0.5068562722,1,0,998,0.7100050787,0,0,0,1,571,0.7968511935,0,0,0,1,400,0.3409791437,0.2569032807,0.5068562722,1969
"{model: vgg_16, client_lr: 0.01, lr_decay: 0, num_clients: 2}",ze18ocd3,finished,-,maxb,,2021-04-23T14:21:31.000Z,7913,o8mswfpk,64,0.01,HUST-19 (slices),,150,,categorical_crossentropy,0,VGG_16,2,,4242,stratified_shuffle_deterministic,,,1,0.5069993138,119,"[[0,0,571],[0,0,400],[0,0,998]]",,150,8858,1.027794719,14768835,,,,,,,1.02718842,0.5068562722,0.2242444669,0.1689520907,0.3333333333,1969,0.5068562722,0.6727334007,0.5068562722,1,0,998,0.7100050787,0,0,0,1,571,0.7968511935,0,0,0,1,400,0.3409791437,0.2569032807,0.5068562722,1969
"{model: vgg_simple, client_lr: 0.01, lr_decay: 0.05, num_clients: 2}",91ymsoug,finished,-,maxb,,2021-04-23T19:32:45.000Z,2821,o8mswfpk,64,0.01,HUST-19 (slices),,150,,categorical_crossentropy,0.05,VGG_Simple,2,,4242,stratified_shuffle_deterministic,,,1,0.5069993138,147,"[[0,0,571],[0,0,400],[0,0,998]]",,150,8858,0.9992441535,714467,,,,,,,0.9906763434,0.5068562722,0.2242444669,0.1689520907,0.3333333333,1969,0.5068562722,0.6727334007,0.5068562722,1,0,998,0.7100050787,0,0,0,1,571,0.7968511935,0,0,0,1,400,0.3409791437,0.2569032807,0.5068562722,1969
"{model: vgg_16, client_lr: 0.0001, lr_decay: 0.05, num_clients: 3}",cl6adxqg,finished,-,maxb,host-max-pve,2021-04-24T22:10:32.000Z,3589,f7x2hj6e,64,0.0001,HUST-19 (slices),,150,,categorical_crossentropy,0.05,VGG_16,3,,4242,stratified_shuffle_deterministic,,,2,0.8868947029,147,"[[418,54,99],[41,354,5],[37,21,940]]",,150,5906,0.2376237959,14768835,,,,,,,0.3044678867,0.8694768918,0.8527373939,0.8560999675,0.8529776014,1969,0.9177247334,0.9206660137,0.9003831418,0.9418837675,0.8928939238,998,0.8826815642,0.7835051546,0.8427419355,0.7320490368,0.9442060086,571,0.938547486,0.8540410133,0.8251748252,0.885,0.9521988528,400,0.8673552719,0.8683890049,0.8694768918,1969
"{model: vgg_16, client_lr: 0.001, lr_decay: 0.05, num_clients: 2}",2xsfhrmp,finished,-,maxb,,2021-04-23T23:20:42.000Z,8005,o8mswfpk,64,0.001,HUST-19 (slices),,150,,categorical_crossentropy,0.05,VGG_16,2,,4242,stratified_shuffle_deterministic,,,1,0.8368706107,148,"[[364,60,147],[49,336,15],[55,16,927]]",,150,8858,0.359790206,14768835,,,,,,,0.3939269185,0.8263077704,0.8055388081,0.8148504759,0.8021119413,1969,0.8816658202,0.8883564926,0.8512396694,0.9288577154,0.833161689,998,0.8420518029,0.7006737247,0.7777777778,0.6374781086,0.9256080114,571,0.9288979177,0.8275862069,0.8155339806,0.84,0.9515615041,400,0.8215840321,0.8226825259,0.8263077704,1969
"{model: vgg_16, client_lr: 0.001, lr_decay: 0.05, num_clients: 3}",31472g53,finished,-,maxb,host-max-pve,2021-04-24T13:51:28.000Z,5567,f7x2hj6e,64,0.001,HUST-19 (slices),,150,,categorical_crossentropy,0.05,VGG_16,3,,4242,stratified_shuffle_deterministic,,,2,0.8156112432,148,"[[294,120,157],[27,351,22],[41,32,925]]",,150,5906,0.4313604236,14768835,,,,,,,0.4958541691,0.7973590655,0.7625826317,0.7826100454,0.7730799573,1969,0.8720162519,0.880114177,0.8378623188,0.9268537074,0.815653965,998,0.8247841544,0.6302250804,0.8121546961,0.5148861646,0.9513590844,571,0.8979177247,0.7774086379,0.6978131213,0.8775,0.9031230083,400,0.7867831004,0.8019564115,0.7973590655,1969
"{model: vgg_simple, client_lr: 0.01, lr_decay: 0.05, num_clients: 3}",4qfnrglu,finished,-,maxb,host-max-pve,2021-04-24T12:46:42.000Z,1948,f7x2hj6e,64,0.01,HUST-19 (slices),,150,,categorical_crossentropy,0.05,VGG_Simple,3,,4242,stratified_shuffle_deterministic,,,2,0.5066034794,148,"[[0,0,571],[0,0,400],[0,0,998]]",,150,5906,0.9959285855,714467,,,,,,,0.9881858826,0.5068562722,0.2242444669,0.1689520907,0.3333333333,1969,0.5068562722,0.6727334007,0.5068562722,1,0,998,0.7100050787,0,0,0,1,571,0.7968511935,0,0,0,1,400,0.3409791437,0.2569032807,0.5068562722,1969
"{model: vgg_16, client_lr: 0.01, lr_decay: 0.05, num_clients: 2}",8a0ko9kj,finished,-,maxb,,2021-04-23T17:20:40.000Z,7921,o8mswfpk,64,0.01,HUST-19 (slices),,150,,categorical_crossentropy,0.05,VGG_16,2,,4242,stratified_shuffle_deterministic,,,1,0.7274779677,148,"[[341,54,176],[111,243,46],[124,44,830]]",,150,8858,0.6000100374,14768835,,,,,,,0.602203846,0.718131031,0.6867403792,0.6978657479,0.678787075,1969,0.8019299137,0.8097560976,0.788973384,0.8316633267,0.7713697219,998,0.7638395124,0.5945945946,0.5920138889,0.5971978984,0.8319027182,571,0.8704926359,0.6558704453,0.7126099707,0.6075,0.9375398343,400,0.7160986679,0.7163429945,0.718131031,1969
"{model: vgg_simple, client_lr: 0.0001, lr_decay: 0.05, num_clients: 3}",g3mxmsro,finished,-,maxb,host-max-pve,2021-04-24T11:46:32.000Z,1939,f7x2hj6e,64,0.0001,HUST-19 (slices),,150,,categorical_crossentropy,0.05,VGG_Simple,3,,4242,stratified_shuffle_deterministic,,,1,0.5187129378,149,"[[52,3,516],[56,30,314],[20,0,978]]",,150,5905,0.9500548244,714467,,,,,,,0.9163835645,0.5383443372,0.3281432657,0.6187567042,0.382009407,1969,0.5683087862,0.6970776907,0.5409292035,0.9799599198,0.1452111226,998,0.6978161503,0.1487839771,0.40625,0.09106830123,0.9456366237,571,0.8105637379,0.1385681293,0.9090909091,0.075,0.9980879541,400,0.4246147476,0.5766645296,0.5383443372,1969
"{model: vgg_16, client_lr: 0.0001, lr_decay: 0.05, num_clients: 3}",gmvncpkf,finished,-,maxb,,2021-04-24T11:25:45.000Z,3582,f7x2hj6e,64,0.0001,HUST-19 (slices),,150,,categorical_crossentropy,0.05,VGG_16,3,,4242,stratified_shuffle_deterministic,,,1,0.8684166074,149,"[[395,68,108],[52,343,5],[53,19,926]]",,150,5905,0.302685231,14768835,,,,,,,0.3517490327,0.845099035,0.8244381919,0.8263053323,0.8257081793,1969,0.906043677,0.9091801669,0.8912415784,0.9278557114,0.8836251287,998,0.8572879634,0.7376283847,0.79,0.6917688266,0.9248927039,571,0.9268664297,0.8265060241,0.7976744186,0.8575,0.9445506692,400,0.8426358679,0.842873978,0.845099035,1969
"{model: vgg_simple, client_lr: 0.01, lr_decay: 0.05, num_clients: 3}",p7uy4rso,finished,-,maxb,,2021-04-23T16:36:16.000Z,1253,f7x2hj6e,64,0.01,HUST-19 (slices),,150,,categorical_crossentropy,0.05,VGG_Simple,3,,4242,stratified_shuffle_deterministic,,,1,0.5068585873,149,"[[0,0,571],[0,0,400],[0,0,998]]",,150,5905,1.027807355,714467,,,,,,,1.027273178,0.5068562722,0.2242444669,0.1689520907,0.3333333333,1969,0.5068562722,0.6727334007,0.5068562722,1,0,998,0.7100050787,0,0,0,1,571,0.7968511935,0,0,0,1,400,0.3409791437,0.2569032807,0.5068562722,1969
"{model: vgg_16, client_lr: 0.01, lr_decay: 0.05, num_clients: 3}",w3ohcohp,finished,-,maxb,,2021-04-23T15:37:35.000Z,3516,f7x2hj6e,64,0.01,HUST-19 (slices),,150,,categorical_crossentropy,0.05,VGG_16,3,,4242,stratified_shuffle_deterministic,,,1,0.6987298727,149,"[[253,90,228],[142,221,37],[77,23,898]]",,150,5905,0.6647073627,14768835,,,,,,,0.6585560441,0.6968004063,0.6394718577,0.6566115368,0.6317939703,1969,0.8146267141,0.8310967145,0.7721410146,0.8997995992,0.7270854789,998,0.7272727273,0.4851390221,0.5360169492,0.4430823117,0.8433476395,571,0.8517013713,0.6021798365,0.6616766467,0.5525,0.9279796048,400,0.6842665502,0.6812255303,0.6968004063,1969
"{model: vgg_16, client_lr: 0.001, lr_decay: 0.05, num_clients: 3}",0e1swa5p,finished,-,maxb,,2021-04-23T18:16:40.000Z,3572,f7x2hj6e,64,0.001,HUST-19 (slices),,150,,categorical_crossentropy,0.05,VGG_16,3,,4242,stratified_shuffle_deterministic,,,1,0.8152413368,150,"[[314,85,172],[20,351,29],[40,21,937]]",,150,5905,0.4093092084,14768835,,,,,,,0.4490523934,0.81361097,0.7870092038,0.8103330166,0.7887633966,1969,0.8669375317,0.877340824,0.8233743409,0.9388777555,0.7929969104,998,0.8390045708,0.6645502646,0.8395721925,0.5499124343,0.9570815451,571,0.9212798375,0.8191365228,0.7680525164,0.8775,0.9324410453,400,0.8038085081,0.816833073,0.81361097,1969
"{model: vgg_16, client_lr: 0.0001, lr_decay: 0.05, num_clients: 2}",17rxgp2h,finished,-,maxb,,2021-04-24T05:24:09.000Z,8025,o8mswfpk,64,0.0001,HUST-19 (slices),,150,,categorical_crossentropy,0.05,VGG_16,2,,4242,stratified_shuffle_deterministic,,,1,0.8575299382,150,"[[395,53,123],[43,341,16],[40,24,934]]",,150,8858,0.3280023336,14768835,,,,,,,0.3602134883,0.8481462671,0.8296062467,0.8375353233,0.8267135234,1969,0.8969019807,0.9019797199,0.8704566636,0.9358717435,0.8568486097,998,0.8684611478,0.7530981888,0.8263598326,0.6917688266,0.9406294707,571,0.9309294058,0.8337408313,0.8157894737,0.8525,0.9509241555,400,0.8449421832,0.8465632322,0.8481462671,1969
"{model: vgg_simple, client_lr: 0.001, lr_decay: 0.05, num_clients: 3}",3ljycc3y,finished,-,maxb,,2021-04-24T11:04:10.000Z,1292,f7x2hj6e,64,0.001,HUST-19 (slices),,150,,categorical_crossentropy,0.05,VGG_Simple,3,,4242,stratified_shuffle_deterministic,,,1,0.685690105,150,"[[216,125,230],[23,361,16],[12,31,955]]",,150,5905,0.6574163437,714467,,,,,,,0.5769950151,0.7780599289,0.7271580418,0.7846625492,0.7458991801,1969,0.8532249873,0.8685766257,0.7951706911,0.9569138277,0.7466529351,998,0.8019299137,0.5255474453,0.8605577689,0.3782837128,0.9749642346,571,0.9009649568,0.7873500545,0.6982591876,0.9025,0.9005736138,400,0.7525988245,0.7944451553,0.7780599289,1969
"{model: vgg_simple, client_lr: 0.0001, lr_decay: 0.05, num_clients: 3}",6e30r6cl,finished,-,maxb,host-max-pve,2021-04-24T23:10:27.000Z,1279,f7x2hj6e,64,0.0001,HUST-19 (slices),,150,,categorical_crossentropy,0.05,VGG_Simple,3,,4242,stratified_shuffle_deterministic,,,2,0.5753471255,150,"[[63,20,488],[24,164,212],[3,18,977]]",,150,5906,0.8956004977,714467,,,,,,,0.8468350768,0.6114779076,0.4886460201,0.6981563809,0.4997635551,1969,0.6338242763,0.7304672897,0.5825879547,0.9789579158,0.2790937178,998,0.7282884713,0.1906202723,0.7,0.1103327496,0.9806866953,571,0.8608430675,0.5448504983,0.8118811881,0.41,0.9757807521,400,0.5362065668,0.6632174982,0.6114779076,1969
"{model: vgg_simple, client_lr: 0.0001, lr_decay: 0.05, num_clients: 2}",j1br2aww,finished,-,maxb,,2021-04-24T07:37:58.000Z,2933,o8mswfpk,64,0.0001,HUST-19 (slices),,150,,categorical_crossentropy,0.05,VGG_Simple,2,,4242,stratified_shuffle_deterministic,,,1,0.5760893822,150,"[[95,81,395],[55,206,139],[27,25,946]]",,150,8858,0.8803193569,714467,,,,,,,0.8233463168,0.6333164043,0.5320604492,0.6120562544,0.5430901909,1969,0.7023869985,0.7635189669,0.6391891892,0.9478957916,0.4500514933,998,0.7166074149,0.2540106952,0.5367231638,0.1663747811,0.9413447783,571,0.8476383951,0.5786516854,0.6602564103,0.515,0.9324410453,400,0.5782085882,0.6137543431,0.6333164043,1969
"{model: vgg_16, client_lr: 0.01, lr_decay: 0.05, num_clients: 3}",oac4v3h0,finished,-,maxb,,2021-04-24T12:46:28.000Z,3529,f7x2hj6e,64,0.01,HUST-19 (slices),,150,,categorical_crossentropy,0.05,VGG_16,3,,4242,stratified_shuffle_deterministic,,,2,0.6872671843,150,"[[272,50,249],[84,218,98],[121,16,861]]",,150,5906,0.6685887575,14768835,,,,,,,0.6681318283,0.686135094,0.6457030794,0.6835281954,0.628027573,1969,0.7541899441,0.7805983681,0.7127483444,0.8627254509,0.6426364573,998,0.7440325038,0.5190839695,0.570230608,0.476357268,0.8533619456,571,0.87404774,0.6374269006,0.7676056338,0.545,0.9579349904,400,0.6756754079,0.6825631175,0.686135094,1969
"{model: vgg_simple, client_lr: 0.001, lr_decay: 0.05, num_clients: 3}",sk1sr8g3,finished,-,maxb,host-max-pve,2021-04-24T20:28:37.000Z,1283,f7x2hj6e,64,0.001,HUST-19 (slices),,150,,categorical_crossentropy,0.05,VGG_Simple,3,,4242,stratified_shuffle_deterministic,,,2,0.7250254154,150,"[[271,89,211],[66,316,18],[18,15,965]]",,150,5906,0.6181709766,714467,,,,,,,0.5263094902,0.7882173692,0.7455064449,0.7746563131,0.7438466074,1969,0.8669375317,0.8804744526,0.8082077052,0.9669338677,0.7641606591,998,0.8049771458,0.5853131749,0.7633802817,0.4746059545,0.9399141631,571,0.9045200609,0.7707317073,0.7523809524,0.79,0.9337157425,400,0.7725850734,0.7838668418,0.7882173692,1969
"{model: vgg_simple, client_lr: 0.001, lr_decay: 0.05, num_clients: 2}",x0gzlf3f,finished,-,maxb,,2021-04-24T01:34:12.000Z,2924,o8mswfpk,64,0.001,HUST-19 (slices),,150,,categorical_crossentropy,0.05,VGG_Simple,2,,4242,stratified_shuffle_deterministic,,,1,0.7397832274,150,"[[306,78,187],[21,351,28],[20,26,952]]",,150,8858,0.5537990332,714467,,,,,,,0.4567316175,0.8171660741,0.7890550086,0.8230132919,0.7891032474,1969,0.8674454038,0.8794457275,0.8157669237,0.9539078156,0.7785787848,998,0.844591163,0.6666666667,0.8818443804,0.5359019264,0.9706723891,571,0.9222955815,0.8210526316,0.7714285714,0.8775,0.9337157425,400,0.8058783928,0.8259217672,0.8171660741,1969
"{model: Federated VGG_16, client_lr: 0.001, lr_decay: 0, num_clients: 1, epochs_per_client: 10}",1mec0pt4,finished,-,maxb,host-CHANGEME,2021-05-08T00:50:23.000Z,11771,,64,0.001,HUST-19 (slices),,150,10,categorical_crossentropy,0,Federated VGG_16,1,15,4242,stratified_shuffle_deterministic,1,FALSE,,0.9417419434,20,"[[436,34,101],[62,334,4],[94,4,900]]",,150,17716,0.1123242229,14768835,15,177160,,,,,0.3017617762,0.8481462671,0.8379073449,0.8432861123,0.8334587622,1969,0.8969019807,0.898652022,0.8955223881,0.9018036072,0.8918640577,998,0.8522092433,0.7497850387,0.7364864865,0.7635726795,0.8884120172,571,0.9471813103,0.8652849741,0.8978494624,0.835,0.9757807521,400,0.8487028769,0.8498755267,0.8481462671,1969